,reference,final_inventory
0,360 FLIP ROJO CROYDON,0.0
1,360 FLIP VERDE CROYDON,7.0
2,50-50 GRIS OSCURO CROYDON,1.0
3,50-50 GRIS CROYDON,1.0
4,ABDEL GRIS CROYDON,4.0
5,ABDEL CAFE CROYDON,1.0
6,ABIE GRIS CROYDON,2.0
7,ABIE AZUL CROYDON,48.0
8,ACEROLA AZUL BLANCO CROYDON,12.0
9,ACEROLA AZUL ROSADO CROYDON,58.0
10,ADISA ROJO CROYDON,221.0
11,AFAF AZUL CROYDON,10.0
12,AISLYN BLANCO CROYDON,19.0
13,AISLYN GRIS CROYDON,17.0
14,AISLYN ROSADO CROYDON,22.0
15,AISLYN NEGRO CROYDON,20.0
16,AIXE JUNIOR NEGRO CROYDON,15.0
17,AIXE ROJO CROYDON,6.0
18,AIXE NEGRO CROYDON,1.0
19,AJAX BEIGE CROYDON,33.0
20,AJOLOTE CORAL CROYDON,2.0
21,AJOLOTE MORADO CROYDON,12.0
22,ALBARICOQUE BLANCO CROYDON,25.0
23,ALBARICOQUE AZUL CROYDON,44.0
24,ALESIA AZUL CROYDON,65.0
25,ALESIA AZUL OSCURO CROYDON,234.0
26,ALESIO AZUL OSCURO CROYDON,6.0
27,ALESIO AZUL CLARO CROYDON,0.0
28,ALEVIN AZUL CROYDON,0.0
29,ALEVIN VINOTINTO CROYDON,3.0
30,ALFALFA ROSADO CROYDON,2.0
31,ALFALFA MORADO CROYDON,4.0
32,ALFARA BEIGE CROYDON,1.0
33,ALFARA MORADO CROYDON,11.0
34,ALHELI BEIGE CROYDON,1.0
35,ALHELI GRIS CROYDON,15.0
36,ALLAN CAFE CROYDON,1.0
37,ALLAN VERDE CROYDON,14.0
38,ALLAN NEGRO CROYDON,3.0
39,ALLEN SURTIDO CROYDON,10.0
40,AMARU ROSADO CROYDON,16.0
41,ANANDA AMARILLO CROYDON,5.0
42,ANANDA MORADO CROYDON,4.0
43,ANDALUCIA BEIGE CROYDON,2.0
44,ANDALUCIA NEGRO CROYDON,4.0
45,ANNIKA ROJO CROYDON,24.0
46,ANNIKA AZUL CROYDON,22.0
47,ARANDANO MORADO CROYDON,4.0
48,ARANDANO VERDE CROYDON,3.0
49,ARIANA FUCSIA CROYDON,1.0
50,ARIANA AZUL CROYDON,1.0
51,ARIEL C AZUL REY CROYDON,0.0
52,ARIEL BLANCO CROYDON,0.0
53,ASTRA NEGRO CROYDON,3.0
54,ATHOS BEIGE CROYDON,2.0
55,ATHOS VERDE CROYDON,2.0
56,ATOMIC PLATA CROYDON,26.0
57,AYE AYE FUCSIA CROYDON,5.0
58,AZAFRAN NEGRO CROYDON,0.0
59,AZAFRAN BEIGE CROYDON,1.0
60,AZANA CAFE CROYDON,10.0
61,AZANA NEGRO CROYDON,17.0
62,AZURA ROSADO CROYDON,27.0
63,AZURA AZUL CROYDON,45.0
64,BAO 2 GRIS AZUL CROYDON,14.0
65,BAO 2 GRIS NEGRO CROYDON,68.0
66,BAO VINOTINTO CROYDON,9.0
67,BAO BLANCO CROYDON,31.0
68,BAO ROJO CROYDON,34.0
69,BAO AZUL CROYDON,21.0
70,BASICO-D AGUAMARINA CROYDON,1.0
71,BASICO-D CORAL CROYDON,7.0
72,BASICO-D AZUL CROYDON,258.0
73,BASICO-D VINOTINTO CROYDON,175.0
74,BASICO-D VERDE CROYDON,84.0
75,BEGONA AZUL CROYDON,551.0
76,BEGONA FUCSIA CROYDON,494.0
77,BENISSA BEIGE CROYDON,31.0
78,BENISSA MORADO CROYDON,1.0
79,BEYOTA FUCSIA CROYDON,3.0
80,BEYOTA MORADO CROYDON,6.0
81,BHEKA NEGRO CROYDON,30.0
82,BIBI AGUAMARINA CROYDON,4.0
83,BISHOP CAFE CROYDON,2.0
84,BISHOP NEGRO CROYDON,4.0
85,BITIO ROSADO CROYDON,126.0
86,BLISS BEIGE CROYDON,9.0
87,BLISS NEGRO CROYDON,0.0
88,BLOOM 2 AGUAMARINA CROYDON,171.0
89,BLOOM 2 FUCSIA CROYDON,228.0
90,BOMBOM ROSADO CROYDON,37.0
91,BOMBOM AZUL CROYDON,9.0
92,BORDO GRIS CROYDON,0.0
93,BORDO AZUL CROYDON,0.0
94,BORDO NEGRO CROYDON,22.0
95,BORUS AZUL CROYDON,1.0
96,BORUS VERDE CROYDON,29.0
97,BOSKOFF CAFE CROYDON,1.0
98,BOSKOFF AZUL CROYDON,43.0
99,KUDARY NEGRO CROYDON,0.0
100,KUDARY GRIS CROYDON,0.0
101,KUDARY ROSADO CROYDON,49.0
102,KUDARY CAFE CROYDON,0.0
103,BRAHMAN GRIS CROYDON,67.0
104,BRAHMAN AZUL CROYDON,9.0
105,BRILLANA BEIGE CROYDON,4.0
106,BRILLANA AZUL CROYDON,14.0
107,BRIOL CAFE CROYDON,1.0
108,BRIOL ROJO CROYDON,2.0
109,BUBBLEGUM FUCSIA CROYDON,8.0
110,BUBBLEGUM MORADO CROYDON,11.0
111,BUFFALO AZUL CROYDON,337.0
112,BUFFALO VINOTINTO CROYDON,388.0
113,BUFFALO NEGRO CROYDON,161.0
114,BUFFALO DENIM AZUL OSCURO,3.0
115,BUFFALO DENIM AZUL CROYDON,54.0
116,BUFFALO JR. GRIS CROYDON,6.0
117,BUFFALO JR. AZUL CROYDON,462.0
118,BUFFALO JR. VINOTINTO CROYDON,453.0
119,BUFFALO JR. NEGRO CROYDON,225.0
120,BUFFALO JR GRIS CROYDON,33.0
121,BUFFALO JR CAFE CROYDON,72.0
122,BUFFALO JR AZUL CROYDON,36.0
123,BUFFALO GRIS CROYDON,15.0
124,BUFFALO BEIGE CROYDON,98.0
125,BUFFALO VINTAGE CAFE CROYDON,26.0
126,BUFFALO VINTAGE AZUL CROYDON,58.0
127,BUFFALO VINTAGE VERDE CROYDON,7.0
128,BULERIA AZUL CROYDON,15.0
129,BULERIA FUCSIA CROYDON,14.0
130,BULERIA NEGRO CROYDON,26.0
131,CALIFORNIA AZUL OSCURO CROYDON,2.0
132,CALIFORNIA AMARILLO OCRE,2.0
133,CAMBARO GRIS OSCURO CROYDON,4.0
134,CAMBARO GRIS CROYDON,2.0
135,CAMPBELL AZUL CROYDON,13.0
136,CAMPBELL VERDE CROYDON,3.0
137,CAMPIONE BLANCO CROYDON,39.0
138,CAMPIONE GRIS CROYDON,34.0
139,CAMPIONE AZUL OSCURO CROYDON,1.0
140,CAMPIONE AZUL CROYDON,1.0
141,CAMPIONE VINOTINTO CROYDON,28.0
142,CAMPIONE NEGRO CROYDON,2.0
143,CAMPIONE VINTAGE GRIS CROYDON,1.0
144,CANAMO BEIGE CROYDON,399.0
145,CANAMO AZUL CROYDON,441.0
146,CANIS GRIS CROYDON,35.0
147,CANTINA BEIGE CROYDON,6.0
148,CANTINA AZUL CROYDON,13.0
149,CAQUI CAFE CROYDON,10.0
150,CAQUI AZUL CROYDON,9.0
151,CARAMBOLA BEIGE CROYDON,19.0
152,CARAMBOLA AZUL CROYDON,7.0
153,CARAMBOLA SURTIDO CROYDON,6.0
154,CARCUMA BEIGE CROYDON,3.0
155,CARCUMA ROJO CROYDON,1.0
156,CARCUMA AZUL CROYDON,0.0
157,CARDAMOMO ROSADO CROYDON,9.0
158,CARDAMOMO AZUL CROYDON,8.0
159,CARDAN ROJO AZUL CROYDON,8.0
160,CARDAN AZUL BLANCO CROYDON,4.0
161,CARMIN CAFE CROYDON,0.0
162,CARMIN AZUL CROYDON,3.0
163,CARNA NEW AMARILLO CROYDON,20.0
164,CARNA NEW AZUL CROYDON,26.0
165,CARNA NEW NEGRO CROYDON,1.0
166,CASIO BEIGE CROYDON,13.0
167,CASIO NEGRO CROYDON,3.0
168,CASTANAS BEIGE CROYDON,1.0
169,CASTANAS NEGRO CROYDON,1.0
170,CAT JUMP BLANCO CROYDON,63.0
171,CATAVA BAJO BEIGE CROYDON,3.0
172,CATAVA BAJO FUCSIA CROYDON,4.0
173,CELES GRIS CROYDON,5.0
174,CELES NEGRO CROYDON,5.0
175,CELESTIA GRIS CROYDON,10.0
176,CELESTIA DORADO CROYDON,10.0
177,CELESTIA SURTIDO CROYDON,5.0
178,CELINA AZUL CROYDON,132.0
179,CELINA FUCSIA CROYDON,111.0
180,CELSO CAFE CROYDON,32.0
181,CELSO AZUL CROYDON,6.0
182,CETIA BEIGE CROYDON,19.0
183,CETIA AZUL CROYDON,1.0
184,CHAMPION BORDADO BLANCO,49.0
185,CHAMPION BORDADO NEGRO CROYDON,106.0
186,CHAMPION COLORS AGUAMARINA,4.0
187,CHAMPION COLORS MORADO CROYDON,32.0
188,CHAMPION ETNICO CAFE CROYDON,6.0
189,CHAMPION ETNICO VERDE CROYDON,0.0
190,CHAMPION FRUTS VERDE MENTA,2.0
191,CHAMPION FRUTS AZUL CROYDON,4.0
192,CHAMPION FRUTS FUCSIA CROYDON,0.0
193,CHAMPION II SILVER ROSADO,2.0
194,CHAMPION II SILVER PLATA,14.0
195,CHAMPION KIDS BLANCO CROYDON,40.0
196,CHAMPION KIDS ROSADO CROYDON,37.0
197,CHAMPION KIDS AGUAMARINA,21.0
198,CHAMPION KIDS ROJO CROYDON,15.0
199,CHAMPION KIDS AZUL OSCURO,49.0
200,CHAMPION KIDS FUCSIA CROYDON,6.0
201,CHAMPION KIDS PLATA CROYDON,14.0
202,CHAMPION KIDS DORADO CROYDON,12.0
203,CHAMPION BLANCO CROYDON,1496.0
204,CHAMPION AZUL CROYDON,1232.0
205,CHAMPION NEGRO CROYDON,1717.0
206,CHAMPION SURTIDO CROYDON,47.0
207,CHAMPION PASTEL VERDE CROYDON,1.0
208,CHAMPION VINTAGE AZUL CROYDON,3.0
209,CHAMPION VINTAGE FUCSIA,14.0
210,CHAMPION VINTAGE MORADO,4.0
211,CHIARA ROSADO CROYDON,8.0
212,CHRIS CAFE CROYDON,0.0
213,CHRIS AZUL CROYDON,0.0
214,CID GRIS CROYDON,185.0
215,CID CAFE CROYDON,67.0
216,CID VERDE CROYDON,23.0
217,CINDER GRIS CROYDON,7.0
218,CINDER BEIGE CROYDON,2.0
219,CISNE DORADO CROYDON,6.0
220,CISNE AZUL CROYDON,11.0
221,CISUS AZUL CROYDON,22.0
222,CISUS FUCSIA CROYDON,5.0
223,CLEA ROSADO CROYDON,21.0
224,CLEA AZUL CROYDON,16.0
225,COBAIN AZUL CROYDON,7.0
226,COCONUCO AZUL CROYDON,140.0
227,COCONUCO VERDE CROYDON,187.0
228,COLOMO ALTO NEGRO CROYDON,28.0
229,COLOMO BAJO BLANCO CROYDON,77.0
230,COLOMO BAJO NEGRO CROYDON,11.0
231,COPACABANA ROJO CROYDON,2.0
232,COPACABANA AZUL CROYDON,0.0
233,DACAR CAFE CROYDON,423.0
234,DACAR NEGRO CROYDON,362.0
235,DAEL CAFE CROYDON,64.0
236,DAEL NEGRO CROYDON,32.0
237,DAISY ROSADO CROYDON,9.0
238,DAISY BEIGE CROYDON,7.0
239,DAKU CAFE CROYDON,103.0
240,DAKU ROSADO CROYDON,8.0
241,DALLI NEGRO CROYDON,38.0
242,DALLI BLANCO CROYDON,17.0
243,DALMAR BEIGE CROYDON,18.0
244,DALMAR CAFE CROYDON,2.0
245,DALTON-2 VINOTINTO CROYDON,54.0
246,DALTON-3 FUCSIA CROYDON,78.0
247,DALTON-2 AZUL CROYDON,55.0
248,DANCE BLANCO CROYDON,0.0
249,DANDA CAFE CROYDON,9.0
250,DANDA ROJO CROYDON,19.0
251,DANDA AZUL CROYDON,14.0
252,DANIELLA BEIGE CROYDON,19.0
253,DANIELLA CAFE CROYDON,104.0
254,DANIELLA SURTIDO CROYDON,1.0
255,DANNA AMARILLO CROYDON,1.0
256,DANNA AGUAMARINA CROYDON,1.0
257,DARWIN BEIGE CROYDON,1.0
258,DASH ROJO CROYDON,42.0
259,DASH AZUL CROYDON,65.0
260,DASH VERDE CROYDON,26.0
261,DASH NEGRO CROYDON,152.0
262,DEMENTIEVA CORAL CROYDON,15.0
263,DEMENTIEVA MORADO CROYDON,5.0
264,DEMETRIA AZUL CROYDON,13.0
265,DEMETRIA NEGRO CROYDON,6.0
266,DEMETRIA SURTIDO CROYDON,7.0
267,D-FIRE GRIS CROYDON,124.0
268,D-FIRE BEIGE CROYDON,24.0
269,D-FIRE VERDE CROYDON,80.0
270,DICMAN AZUL CROYDON,7.0
271,DICMAN NEGRO CROYDON,1.0
272,DIDI NEGRO BLANCO CROYDON,25.0
273,DIO CAFE CROYDON,56.0
274,DIO NEGRO CROYDON,23.0
275,DISCOVERY ALTO BLANCO CROYDON,2358.0
276,DISCOVERY ALTO BLANCO ROJO,5215.0
277,DISCOVERY ALTO NEW BLANCO,99.0
278,DISCOVERY ALTO ROJO CROYDON,808.0
279,DISCOVERY ALTO AZUL CROYDON,2885.0
280,DISCOVERY ALTO MORADO CROYDON,43.0
281,DISCOVERY ALTO VERDE MILITAR,23.0
282,DISCOVERY ALTO NEGRO CROYDON,3398.0
283,DISCOVERY ALTO SURTIDO CROYDON,9.0
284,DISCOVERY ALTO GRIS OSCURO,6.0
285,DISCOVERY ALTO GRIS CROYDON,1.0
286,DISCOVERY ALTO LINE BLANCO,109.0
287,DISCOVERY ALTO LINE AZUL,0.0
288,DISCOVERY ALTO LINE NEGRO,47.0
289,DISCOVERY ALTO LINE SURTIDO,26.0
290,DISCOVERY ALTO NEGRO NEGRO,1508.0
291,DISCOVERY ALTO NEW NEGRO,114.0
292,DISCOVERY BAJO BLANCO CROYDON,5449.0
293,DISCOVERY BAJO BLANCO ROJO,7990.0
294,DISCOVERY BAJO BLANCO BLANCO,15.0
295,DISCOVERY BAJO NEW BLANCO,2626.0
296,DISCOVERY BAJO NEW BLANCO GRIS,8068.0
297,DISCOVERY BAJO ROJO CROYDON,3712.0
298,DISCOVERY BAJO AZUL CLARO,1.0
299,DISCOVERY BAJO AZUL CROYDON,8302.0
300,DISCOVERY BAJO NEGRO CROYDON,7997.0
301,DISCOVERY BAJO GRIS OSCURO,16.0
302,DISCOVERY BAJO ROSADO CROYDON,0.0
303,DISCOVERY BAJO GRIS CROYDON,7.0
304,DISCOVERY BAJO MORADO CROYDON,3.0
305,DISCOVERY BAJO AZUL ROJO,1.0
306,DISCOVERY BAJO COLORS ROSADO,47.0
307,DISCOVERY BAJO COLORS,99.0
308,DISCOVERY BAJO COLSUBSIDIO,563.0
309,DISCOVERY BAJO LINE BLANCO,372.0
310,DISCOVERY BAJO LINE AMARILLO,26.0
311,DISCOVERY BAJO LINE PURPURA,4.0
312,DISCOVERY BAJO LINE AZUL,112.0
313,DISCOVERY BAJO LINE,10.0
314,DISCOVERY BAJO LINE VERDE,18.0
315,DISCOVERY BAJO LINE CAFE,115.0
316,DISCOVERY BAJO LINE NEGRO,292.0
317,DISCOVERY BAJO MOM NEGRO,1.0
318,DISCOVERY BAJO NEGRO NEGRO,1782.0
319,DISCOVERY BAJO NEW NEGRO,0.0
320,DISCOVERY BAJO NEW AZUL GRIS,987.0
321,DISCOVERY BAJO NEW NEGRO GRIS,2710.0
322,DISCOVERY STREET 2 BAJO,2.0
323,DISCOVERY BAJO VINTAGE ROSADO,7.0
324,DISCOVERY BAJO VINTAGE,70.0
325,DISCOVERY BAJO VINTAGE AZUL,653.0
326,DISCOVERY BAJO VINTAGE LILA,1.0
327,DISCOVERY BAJO VINTAGE CAFE,7.0
328,DISCOVERY BAJO VINTAGE MORADO,28.0
329,DISCOVERY BAJO VINTAGE VERDE,75.0
330,BLOMM GRIS CROYDON,77.0
331,BLOMM ROSADO CROYDON,0.0
332,BLOMM AGUAMARINA CROYDON,1.0
333,BLOMM CORAL CROYDON,1.0
334,BLOMM VERDE MENTA CROYDON,2.0
335,BLOMM VINOTINTO CROYDON,0.0
336,BLOMM LILA CROYDON,41.0
337,BLOMM FUCSIA CROYDON,0.0
338,BLUSS NARANJA CROYDON,0.0
339,BLUSS ROJO CROYDON,0.0
340,DISCOVERY BORDADO BLANCO,27.0
341,DISCOVERY BORDADO NEGRO,10.0
342,CHAMPION BEIGE CROYDON,21.0
343,CHAMPION PURPURA CROYDON,4.0
344,CHAMPION AZUL OSCURO CROYDON,355.0
345,CHAMPION FUCSIA CROYDON,1.0
346,DISCOVERY CHAROL BLANCO,30.0
347,DISCOVERY CHAROL VINOTINTO,133.0
348,DISCOVERY CHAROL NEGRO CROYDON,59.0
349,COLORI MORADO CROYDON,0.0
350,DISCOVERY ALTO GRIS AZUL,57.0
351,DISCOVERY BAJO NEGRO ROJO,1271.0
352,DISCOVERY MOVI NEGRO AZUL,1.0
353,DISCOVER SUPER ALTO,2.0
354,SILVER PLATA CROYDON,97.0
355,SILVER DORADO CROYDON,128.0
356,SILVER ROSADO CROYDON,204.0
357,STRAPS BLANCO CROYDON,477.0
358,STRAPS GRIS CROYDON,17.0
359,STRAPS ROJO CROYDON,75.0
360,STRAPS AZUL REY CROYDON,231.0
361,STRAPS NEGRO CROYDON,28.0
362,DOMINOS NEGRO CROYDON,226.0
363,DOROTHY GRIS CROYDON,17.0
364,DOROTHY AZUL CROYDON,14.0
365,DOVA ROJO CROYDON,8.0
366,DOVA FUCSIA CROYDON,16.0
367,DRAC AZUL CROYDON,51.0
368,DREXLER GRIS CROYDON,13.0
369,DREXLER NEGRO CROYDON,5.0
370,DUCARD GRIS CROYDON,11.0
371,DUCARD AZUL CROYDON,2.0
372,DUCARD NEGRO CROYDON,3.0
373,DUNA BEIGE CROYDON,0.0
374,DUNA CAFE CROYDON,1.0
375,EDNA AGUAMARINA CROYDON,7.0
376,EDNA FUCSIA CROYDON,19.0
377,ELANIO FUCSIA CROYDON,3.0
378,ELTON GRIS GRIS CROYDON,10.0
379,ELTON GRIS NEGRO CROYDON,23.0
380,ESTAMPA DISCOVERY AMARILLO,4.0
381,ESTAMPA DISCOVERY VERDE,1.0
382,ESTAMPA SLIPON ROSADO CROYDON,1.0
383,ETNIC BOOTS BEIGE CROYDON,4.0
384,ETNIC BOOTS CAFE CROYDON,9.0
385,ETNIC CAFE CROYDON,6.0
386,ETNIC ROSADO CROYDON,20.0
387,EUCALIPTO CAFE CROYDON,32.0
388,EUCALIPTO VERDE CROYDON,14.0
389,EUSEBIA AZUL CROYDON,5.0
390,EUSEBIA FUCSIA CROYDON,1.0
391,EZY CAFE CROYDON,33.0
392,EZY AZUL CROYDON,26.0
393,EZY NEGRO CROYDON,32.0
394,EZY CRISTAL CAFE CROYDON,701.0
395,FABRIZIO CAFE CROYDON,40.0
396,FABRIZIO AZUL CROYDON,23.0
397,FABRIZIO VERDE CROYDON,1.0
398,FAIK AZUL CROYDON,7.0
399,FAIK BEIGE CROYDON,1.0
400,FARAJI BEIGE CROYDON,19.0
401,FAUNO AZUL OSCURO CROYDON,3.0
402,FERNY GRIS CROYDON,2.0
403,FERNY CAFE CROYDON,24.0
404,FERNY VINOTINTO CROYDON,12.0
405,FERNY NEGRO CROYDON,8.0
406,FILIPA VINOTINTO CROYDON,15.0
407,FILIPA NEGRO CROYDON,15.0
408,FINN AZUL CROYDON,158.0
409,FINN VINOTINTO CROYDON,85.0
410,FINN NEGRO CROYDON,282.0
411,FLORIZ ROSADO CROYDON,13.0
412,FLORIZ BEIGE CROYDON,3.0
413,GAISKA CAFE CROYDON,5.0
414,GAISKA NEGRO CROYDON,3.0
415,GALACTICA BLANCO CROYDON,51.0
416,GALACTICA NEGRO CROYDON,26.0
417,GALAVA NEGRO CROYDON,32.0
418,GALO ALTO BLANCO CROYDON,19.0
419,GALO ALTO NEGRO CROYDON,10.0
420,GALO BAJO AZUL CROYDON,83.0
421,GALO BAJO NEGRO CROYDON,5.0
422,GAMBA BEIGE CROYDON,4.0
423,GAMBA CAFE CROYDON,2.0
424,GEMMA GRIS CROYDON,5.0
425,GEOS JR GRIS CROYDON,2.0
426,GEOS JR BEIGE CROYDON,1.0
427,GEOS JR CAFE CROYDON,1.0
428,GEOS BEIGE CROYDON,0.0
429,GEOS CAFE CROYDON,0.0
430,GHALIB ROSADO CROYDON,13.0
431,GHALIB VERDE CROYDON,1.0
432,GHANA VINOTINTO CROYDON,0.0
433,GIACOMO GRIS CROYDON,43.0
434,GIACOMO AZUL CROYDON,11.0
435,GOLOVIN ROJO CROYDON,5.0
436,GOLOVIN AZUL CROYDON,2.0
437,GOLOVIN CAFE CROYDON,6.0
438,GUADALUPE BEIGE CROYDON,2.0
439,GUADALUPE ROJO CROYDON,4.0
440,GUANE CAFE CROYDON,12.0
441,GUANE AZUL CROYDON,20.0
442,GURU GRIS CROYDON,3.0
443,GURU CAFE CROYDON,12.0
444,HABELER GRIS CROYDON,28.0
445,HAIKU ROSADO CROYDON,3.0
446,HAIKU AZUL CROYDON,2.0
447,HANS CAFE CROYDON,0.0
448,HANS AZUL CROYDON,2.0
449,HATHA GRIS CROYDON,7.0
450,HATHA CAFE CROYDON,10.0
451,HENDRIX GRIS CROYDON,26.0
452,HENDRIX AZUL CROYDON,20.0
453,HEY JOE CAFE CROYDON,10.0
454,HEY JOE NEGRO CROYDON,44.0
455,HINGIS FUCSIA CROYDON,57.0
456,HINGIS MORADO CROYDON,14.0
457,HION ROJO CROYDON,3.0
458,HION NEGRO CROYDON,28.0
459,HULU VINOTINTO CROYDON,290.0
460,HULU NEGRO CROYDON,30.0
461,ICY GRIS CROYDON,14.0
462,IGGY CORAL CROYDON,4.0
463,IGGY AZUL CROYDON,3.0
464,IKAL ROSADO CROYDON,3.0
465,IKAL VERDE CROYDON,56.0
466,IMPERIA AZUL CROYDON,5.0
467,IMPERIA VINOTINTO CROYDON,22.0
468,INDRA BEIGE CROYDON,193.0
469,INDRA CORAL CROYDON,154.0
470,INDRY W AZUL CROYDON,5.0
471,INTRO CAFE CROYDON,3.0
472,INTRO NEGRO CROYDON,15.0
473,IRIZA GRIS CROYDON,2.0
474,IRIZA AZUL CROYDON,2.0
475,ISIZA AZUL BLANCO CROYDON,25.0
476,ISIZA AZUL LILA CROYDON,14.0
477,ISIZA AZUL OSCURO FUCSIA,21.0
478,ISIZA E CORAL CROYDON,13.0
479,ITATI AZUL CROYDON,39.0
480,IVAN I AZUL CROYDON,136.0
481,IVAN I NEGRO CROYDON,40.0
482,IVAN II AZUL CROYDON,183.0
483,IVAN II NEGRO CROYDON,204.0
484,IVANOVIC FUCSIA CROYDON,3.0
485,IVANOVIC VERDE CROYDON,14.0
486,IVON TERRACOTA CROYDON,0.0
487,IVON BEIGE CROYDON,18.0
488,IVON CAFE CROYDON,62.0
489,IVON FUCSIA CROYDON,28.0
490,JEAN GRIS CROYDON,40.0
491,JEAN AZUL CROYDON,105.0
492,JENGIBRE BEIGE CROYDON,1.0
493,JENGIBRE NEGRO CROYDON,1.0
494,JESSIE ROSADO AMARILLO CROYDON,2.0
495,JESSIE AZUL FUCSIA CROYDON,18.0
496,JINA AGUAMARINA CROYDON,10.0
497,JINA MORADO CROYDON,7.0
498,JUGUETERIA ROJO CROYDON,5.0
499,JUNE CAFE CROYDON,6.0
500,JUNE NEGRO CROYDON,26.0
501,KALA NEGRO CROYDON,8.0
502,KALED OCRE CROYDON,10.0
503,KALED AZUL CROYDON,13.0
504,KANDA BEIGE CROYDON,46.0
505,KANDA AZUL CROYDON,20.0
506,KANT CAFE CROYDON,220.0
507,KARMA AZUL CROYDON,8.0
508,KARMA VINOTINTO CROYDON,35.0
509,KARMIC BAJO BLANCO CROYDON,17.0
510,KARMIC BAJO AZUL CROYDON,18.0
511,KARMIC BLANCO CROYDON,186.0
512,KARMIC GRIS CROYDON,43.0
513,KARMIC AZUL CROYDON,2.0
514,KASE VERDE CROYDON,363.0
515,KATIUSKA BEIGE CROYDON,275.0
516,KATUXA BLANCO CROYDON,20.0
517,KATUXA GRIS CROYDON,33.0
518,KATUXA BEIGE CROYDON,36.0
519,KATUXA NEGRO CROYDON,61.0
520,KAZAN CAFE CROYDON,222.0
521,KAZAN NEGRO CROYDON,273.0
522,KEBER GRIS CROYDON,28.0
523,KEBER CAFE CROYDON,36.0
524,KEBER AZUL CROYDON,7.0
525,KICKFLIP AZUL CROYDON,0.0
526,KICKFLIP VINOTINTO CROYDON,3.0
527,KIKI FUCSIA CROYDON,9.0
528,KIKI VERDE CROYDON,4.0
529,KILIAN ROJO CROYDON,357.0
530,KILIAN AZUL CROYDON,14.0
531,KILIAN NEGRO CROYDON,50.0
532,KIONA ROSADO CROYDON,27.0
533,KIONA VERDE CROYDON,10.0
534,KIRBY BLANCO CROYDON,10.0
535,KIRBY NEGRO CROYDON,29.0
536,KIRTAN GRIS CROYDON,33.0
537,KIRTAN AZUL CROYDON,35.0
538,KLEIN MORADO CROYDON,13.0
539,KLIM AMARILLO CROYDON,1.0
540,KLIM ROSADO CROYDON,2.0
541,KLIM AGUAMARINA CROYDON,0.0
542,KUDARY NIGHT NEGRO CROYDON,97.0
543,KUDARY PLAIN NEGRO CROYDON,1.0
544,LATORRE CAFE CROYDON,7.0
545,LATORRE AZUL CROYDON,0.0
546,LAUREL FUCSIA CROYDON,5.0
547,LAUREL VERDE CROYDON,9.0
548,LAZZATY AGUAMARINA CROYDON,113.0
549,LAZZATY MORADO CROYDON,78.0
550,LEA CORAL CROYDON,128.0
551,LEMOND CAFE CROYDON,0.0
552,LEMOND AZUL CROYDON,1.0
553,LENA BLANCO CROYDON,1.0
554,LENA FUCSIA CROYDON,3.0
555,LIA LILA CROYDON,39.0
556,LIBERTAD MULTICOLOR MULTICOLOR,121.0
557,LIP GRIS OSCURO CROYDON,4.0
558,LIP GRIS CROYDON,62.0
559,LIRIO ROSADO CROYDON,2.0
560,LOMBARDI AZUL CROYDON,144.0
561,LOMBARDI NEGRO CROYDON,187.0
562,LORIS AZUL CROYDON,51.0
563,LORIS FUCSIA CROYDON,40.0
564,LORIS AGUAMARINA CROYDON,85.0
565,LORIS LILA CROYDON,77.0
566,LUANA GRIS CROYDON,1.0
567,LUANA AZUL REY CROYDON,21.0
568,LUCREZIA CAFE CROYDON,0.0
569,LYSA BEIGE CROYDON,20.0
570,LYSA VINOTINTO CROYDON,19.0
571,MAGNOLIA ALTO GRIS CROYDON,8.0
572,MAGNOLIA ALTO CAFE CROYDON,0.0
573,MAGNOLIA GRIS CROYDON,12.0
574,MAGNOLIA CAFE CROYDON,60.0
575,MANA GRIS CROYDON,13.0
576,MANA ROSADO CROYDON,8.0
577,MANFRED CAFE CROYDON,9.0
578,MANFRED NEGRO CROYDON,14.0
579,MARCELINA ALTO CAFE CROYDON,0.0
580,MARCELINA ALTO NEGRO CROYDON,0.0
581,MARCELINA CAFE CROYDON,5.0
582,MARCELINA NEGRO CROYDON,3.0
583,MARTYNA MORADO CROYDON,36.0
584,MASHA AZUL CROYDON,110.0
585,MASTER W ROSADO CAFE CROYDON,3.0
586,MAXI PRINT NARANJA CROYDON,13.0
587,MAXI PRINT AZUL CROYDON,5.0
588,MELINA ROSADO CROYDON,104.0
589,MELINA VERDE CROYDON,21.0
590,MERCKS 2 BEIGE CROYDON,1.0
591,MERCKS 2 AZUL CROYDON,0.0
592,MERCKS SURTIDO CROYDON,1.0
593,MESSNER CAFE CROYDON,13.0
594,MESSNER AZUL CROYDON,13.0
595,METZI BEIGE CROYDON,8.0
596,METZI NEGRO CROYDON,25.0
597,MIA AZUL CROYDON,40.0
598,MIA MORADO CROYDON,65.0
599,MONCADA BEIGE CROYDON,6.0
600,MONCADA AZUL CROYDON,5.0
601,MONCADA SURTIDO CROYDON,8.0
602,MORGANA NEGRO CROYDON,16.0
603,MUKHA GRIS CROYDON,17.0
604,MUKHA BEIGE CROYDON,30.0
605,MURRAY GRIS CROYDON,35.0
606,MURRAY ROJO CROYDON,26.0
607,NAIN GRIS CROYDON,37.0
608,NAIN AZUL CROYDON,72.0
609,NAIN NEGRO CROYDON,52.0
610,NAVAL VINOTINTO CROYDON,60.0
611,NAVAL AZUL CROYDON,9.0
612,NEON 2 NARANJA VERDE CROYDON,4.0
613,NEON 2 VERDE NARANJA CROYDON,0.0
614,NEON 2 FUCSIA AMARILLO CROYDON,4.0
615,NEON AMARILLO CROYDON,9.0
616,NEON NARANJA CROYDON,7.0
617,NEON FUCSIA CROYDON,46.0
618,NEON VERDE CROYDON,24.0
619,NEON AGUAMARINA CROYDON,0.0
620,NICKS AZUL CROYDON,1.0
621,NICKS NEGRO CROYDON,1.0
622,NIL BLANCO CROYDON,51.0
623,NIL NEGRO CROYDON,8.0
624,NIL CAFE CROYDON,11.0
625,NIMA MORADO CROYDON,43.0
626,NIMA VERDE CROYDON,2.0
627,NOELIA AZUL AGUAMARINA CROYDON,1.0
628,NOELIA AZUL FUCSIA CROYDON,1.0
629,NOHA CAFE CROYDON,20.0
630,NUBA FUCSIA CROYDON,5.0
631,ODIN AZUL CROYDON,13.0
632,ODIN NEGRO CROYDON,1.0
633,OKI ROJO CROYDON,54.0
634,OKI AZUL CROYDON,28.0
635,OKI NEGRO CROYDON,27.0
636,OKSANA AZUL CROYDON,114.0
637,OKSANA FUCSIA CROYDON,32.0
638,OLAF CAFE CROYDON,34.0
639,OLAF AZUL CROYDON,56.0
640,OPHEALIA BEIGE CROYDON,3.0
641,OPHEALIA NEGRO CROYDON,3.0
642,ORI PLATA CROYDON,9.0
643,ORI GRIS CROYDON,7.0
644,ORION AZUL OSCURO CROYDON,25.0
645,ORION AZUL CLARO CROYDON,9.0
646,ORTIZ AZUL REY CROYDON,26.0
647,ORTIZ GRIS CROYDON,22.0
648,PAIGE ROSADO CROYDON,20.0
649,PAIGE AZUL CROYDON,39.0
650,PARALIMPICOS ROJO CROYDON,13.0
651,PARKOUR NEGRO CROYDON,34.0
652,PARKOUR GRIS CROYDON,1.0
653,PERLITA AZUL CROYDON,21.0
654,PERLITA FUCSIA CROYDON,2.0
655,PETUNIA AMARILLO CROYDON,4.0
656,PETUNIA ROSADO CROYDON,1.0
657,PETUNIA AZUL CROYDON,1.0
658,PICOLO 2 GRIS CROYDON,5.0
659,PLUMERIA AZUL CROYDON,142.0
660,PLUMERIA MORADO CROYDON,394.0
661,POKY AMARILLO CROYDON,8.0
662,POKY ROSADO CROYDON,4.0
663,POKY AGUAMARINA CROYDON,0.0
664,POLIZON CAFE CROYDON,20.0
665,PRAJNA GRIS CROYDON,61.0
666,PRAJNA CAFE CROYDON,11.0
667,PRANA GRIS CROYDON,12.0
668,PRANA CAFE CROYDON,43.0
669,QUENTIN CAFE CROYDON,59.0
670,QUENTIN AZUL CROYDON,57.0
671,QUEST BLANCO CROYDON,5.0
672,QUEST GRIS CROYDON,5.0
673,QUEST NEGRO CROYDON,9.0
674,QUEST ROJO CROYDON,7.0
675,QUEST AZUL CROYDON,8.0
676,RABBIT ROSADO CROYDON,14.0
677,RAMBUTAN AZUL CROYDON,21.0
678,RAULY CAFE CROYDON,24.0
679,REDMAN GRIS CROYDON,7.0
680,REDMAN CAFE CROYDON,3.0
681,REF. CONSE. MULTICOLOR CROYDON,0.0
682,REF.CONSECUTIVA FABRICA,2.0
683,REF. PROMOCION FABRICA,98.0
684,RINGO CAFE CROYDON,0.0
685,RINGO NEGRO CROYDON,0.0
686,RIVER BLANCO CROYDON,15.0
687,RIVER ROJO CROYDON,2.0
688,ROSANNA GRIS CROYDON,8.0
689,ROSARIO A AZUL CROYDON,3.0
690,ROSARIO A FUCSIA CROYDON,9.0
691,ROSARIO AZUL CLARO CROYDON,1.0
692,ROSARIO L NEGRO CROYDON,28.0
693,ROTH ROJO CROYDON,2.0
694,ROU GRIS CROYDON,182.0
695,ROU NEGRO CROYDON,156.0
696,RUFO AZUL CLARO CROYDON,0.0
697,RUSKIN BEIGE CROYDON,14.0
698,RUSKIN CAFE CROYDON,4.0
699,RUSKIN AZUL CROYDON,2.0
700,RUSKIN VINOTINTO CROYDON,4.0
701,RUSKIN NEGRO CROYDON,2.0
702,RUSKIN VINTAGE GRIS CROYDON,5.0
703,RUSKIN VINTAGE VERDE CROYDON,8.0
704,RYDER CAFE CROYDON,30.0
705,RYDER VERDE CROYDON,25.0
706,RYDER NEGRO CROYDON,28.0
707,SABINA CAFE CROYDON,13.0
708,SABINA ROJO CROYDON,4.0
709,SAFIRA BLANCO ,1.0
710,SAKRA FUCSIA CROYDON,24.0
711,SAKRA MORADO CROYDON,8.0
712,SALVIA AMARILLO CROYDON,11.0
713,SANTUARIO CAFE CROYDON,109.0
714,SANTUARIO AZUL CROYDON,103.0
715,SARI ROSADO CROYDON,19.0
716,SCOTTIE ROJO CROYDON,21.0
717,SERENA MORADO CROYDON,1.0
718,SERENA AGUAMARINA CROYDON,1.0
719,SHALKE AZUL CROYDON,23.0
720,SHALKE CAFE CROYDON,20.0
721,SHASTA CAFE CROYDON,1.0
722,SHAW ALTO BEIGE CROYDON,7.0
723,SHAW ALTO AZUL CROYDON,37.0
724,SKIPY NEGRO CROYDON,14.0
725,SKIPY VINOTINTO CROYDON,82.0
726,SMITH GRIS CROYDON,2.0
727,SMITH CAFE CROYDON,3.0
728,SOFT AZUL CROYDON,8.0
729,SOFT FUCSIA CROYDON,2.0
730,SOFT VERDE CROYDON,2.0
731,SOFT NEGRO CROYDON,21.0
732,SONIC FUCSIA CROYDON,5.0
733,SONIC VERDE CROYDON,2.0
734,SOTAVENTO AZUL CROYDON,16.0
735,STACHEL PLATA CROYDON,6.0
736,STACHEL NEGRO CROYDON,2.0
737,STRANGE GRIS CROYDON,2.0
738,STRANGE NEGRO CROYDON,3.0
739,SUKI BEIGE CROYDON,111.0
740,SUKI NEGRO CROYDON,103.0
741,SUMI-E BEIGE CROYDON,34.0
742,SUMI-E CORAL CROYDON,13.0
743,SUMI-E AZUL CROYDON,7.0
744,SURIS ROJO CROYDON,177.0
745,SURIS GRIS CROYDON,252.0
746,TADEO CROYDON AZUL,0.0
747,TADEO AZUL CROYDON,30.0
748,TAILOR CAFE AZUL CROYDON,13.0
749,TAILOR NEGRO GRIS CROYDON,0.0
750,TELGA NEGRO CROYDON,10.0
751,TELLUS AZUL OSCURO CROYDON,1.0
752,TEMBORA CAFE CROYDON,7.0
753,TEMBORA VERDE CROYDON,2.0
754,TETRIS AZUL CROYDON,3.0
755,TETRIS NEGRO CROYDON,23.0
756,TEVA AZUL CROYDON,2.0
757,TEVA VERDE CROYDON,23.0
758,TIC TAC BLANCO CROYDON,27.0
759,TIMOTHY CAFE CROYDON,11.0
760,TIMOTHY AZUL CROYDON,20.0
761,TOTORO BEIGE CROYDON,9.0
762,TOTORO CAFE CROYDON,31.0
763,TUCANO CAFE CROYDON,26.0
764,TUCANO AZUL CROYDON,3.0
765,TUPAQ ALTO GRIS CROYDON,69.0
766,TUPAQ ALTO AZUL CROYDON,5.0
767,TUPAQ BAJO GRIS CROYDON,73.0
768,TUPAQ BAJO AZUL CROYDON,35.0
769,UMA ROSADO CROYDON,6.0
770,UMA VERDE CROYDON,22.0
771,USTRA CAFE CROYDON,25.0
772,VABENA CAFE CROYDON,134.0
773,VABENA AZUL CROYDON,310.0
774,VALENTINO NEGRO CROYDON,1.0
775,VALESTRA CAFE CROYDON,18.0
776,VANZANT BEIGE CROYDON,6.0
777,VANZANT AZUL CROYDON,11.0
778,VELLIA ROSADO CROYDON,20.0
779,VELLIA NEGRO CROYDON,133.0
780,VERONA GRIS CROYDON,1.0
781,VERONA NEGRO CROYDON,4.0
782,VICTORINA BEIGE CROYDON,8.0
783,VICTORINA AZUL CROYDON,7.0
784,VIRGIN NEGRO CROYDON,215.0
785,VULCANO CAFE CROYDON,1.0
786,VULCANO AZUL OSCURO CROYDON,4.0
787,WALID GRIS CROYDON,37.0
788,WALID ROJO CROYDON,20.0
789,WALID AZUL CROYDON,21.0
790,WALL FLIP GRIS CROYDON,53.0
791,WASH AZUL CROYDON,1.0
792,WILDS VERDE MENTA CROYDON,2.0
793,WILLIAM AZUL CROYDON,16.0
794,YAGUA VERDE CROYDON,39.0
795,YOOKO CAFE CROYDON,31.0
796,YOOKO ROJO CROYDON,65.0
797,ZAGA JR GRIS OSCURO CROYDON,7.0
798,ZAGA JR GRIS CROYDON,2.0
799,ZARCERO FUCSIA CROYDON,12.0
800,ZARCERO CORAL CROYDON,2.0
801,ZARD BLANCO CROYDON,24.0
802,ZARIA CAFE CROYDON,5.0
803,ZARIA NEGRO CROYDON,11.0
804,ZEV AZUL CROYDON,230.0
805,ZEV VINOTINTO CROYDON,486.0
806,ZUGA AZUL CROYDON,11.0
807,ZUGA NEGRO CROYDON,2.0
808,ZUZANY GRIS CROYDON,6.0
809,ZUZANY ROSADO CROYDON,149.0
810,ZUZANY AZUL CROYDON,16.0
811,ZUZANY VINOTINTO CROYDON,26.0
812,SPERRY TOP SIDER AZUL CROYDON,1.0
813,SPERRY TOP SIDER CORDON AZUL,16.0
814,SPERRY TOP SIDER VERDE CROYDON,1.0
815,CARS FR-1 GRIS DISNEY,0.0
816,CARS FR-1 AZUL DISNEY,0.0
817,CARS FR-2 NEGRO DISNEY,0.0
818,CARS FR-2 GRIS DISNEY,9.0
819,CARS STEALTH AZUL DISNEY,0.0
820,DOOLEY ROJO DISNEY,9.0
821,FAWN ROSADO DISNEY,5.0
822,HADAS WOW AGUAMARINA DISNEY,1.0
823,HARAN LILA DISNEY,5.0
824,HARAN FUCSIA DISNEY,10.0
825,IRIT FUCSIA DISNEY,18.0
826,JACK-3 GRIS DISNEY,18.0
827,JACK-3 TURQUESA DISNEY,1.0
828,JACK ADVENTURE GRIS DISNEY,10.0
829,JACK ADVENTURE AZUL DISNEY,1.0
830,KAEELA FUCSIA DISNEY,9.0
831,KAEELA MORADO DISNEY,2.0
832,KESSLER FUCSIA DISNEY,4.0
833,LINNY ROSADO DISNEY,0.0
834,LINNY FUCSIA DISNEY,0.0
835,MICKEY MUNDIAL GRIS DISNEY,15.0
836,MICKEY MUNDIAL AZUL DISNEY,1.0
837,MICKEY SURTIDO DISNEY,32.0
838,MORTON BEIGE DISNEY,2.0
839,MUCHU MORADO DISNEY,19.0
840,NADINE AZUL DISNEY,9.0
841,PENNY AZUL DISNEY,4.0
842,PIP AZUL DISNEY,10.0
843,PRIN/JM-2214 LILA DISNEY,1.0
844,PRIN/JM-2214 FUCSIA DISNEY,1.0
845,PRINCES 2014 ROSADO DISNEY,3.0
846,PRINCES 2014 FUCSIA DISNEY,1.0
847,PRINCES FLOR FUCSIA DISNEY,7.0
848,QUARONI AZUL OSCURO DISNEY,4.0
849,SOFIA ESTRELLA ROSADO DISNEY,0.0
850,SOFIA ESTRELLA LILA DISNEY,0.0
851,SUAD BLANCO DISNEY,3.0
852,SUM FUCSIA DISNEY,7.0
853,TOY BUZZ 2013 AZUL DISNEY,0.0
854,VIXIE MORADO DISNEY,7.0
855,ANDRES AZUL CROYDON,0.0
856,ASHTON GRIS CROYDON,17.0
857,ASHTON AZUL CROYDON,26.0
858,AVOID GRIS CROYDON,0.0
859,AVOID ROJO CROYDON,1.0
860,BRENNEN VERDE CROYDON,21.0
861,COL-AMERICA AMARILLO CROYDON,1.0
862,CORVE-21 AMARILLO CROYDON,5.0
863,CORVE-21 NARANJA CROYDON,41.0
864,GP CARRERA BLANCO CROYDON,1.0
865,GP CARRERA AMARILLO CROYDON,1.0
866,MUNDICOLOMBIA AMARILLO CROYDON,106.0
867,MUNDIESPAÑA ROJO CROYDON,0.0
868,ROYAL BASIC NARANJA CROYDON,10.0
869,ROYAL BASIC AZUL CROYDON,5.0
870,ROYAL HICUT BLANCO CROYDON,14277.0
871,ROYAL HICUT GRIS CROYDON,3354.0
872,ROYAL HICUT ROJO CROYDON,4172.0
873,ROYAL HICUT AZUL CROYDON,9043.0
874,ROYAL HICUT NEGRO CROYDON,12154.0
875,ROYAL HICUT NEW BLANCO CROYDON,424.0
876,ROYAL HICUT NEW NEGRO CROYDON,20.0
877,ROYAL LOCUT BLANCO CROYDON,9055.0
878,ROYAL LOCUT ROJO CROYDON,1664.0
879,ROYAL LOCUT AZUL CROYDON,5423.0
880,ROYAL LOCUT NEGRO CROYDON,9696.0
881,SIMON GRIS CROYDON,1.0
882,SIMON AMARILLO CROYDON,0.0
883,ANTIA BLANCO LOS GOMOSOS,13.0
884,ASTER FUCSIA LOS GOMOSOS,30.0
885,ASTER MORADO LOS GOMOSOS,16.0
886,COLEGIAL LEONARD BLANCO,855.0
887,COLEGIAL LEONARD ROJO,396.0
888,COLEGIAL LEONARD AZUL,124.0
889,COLEGIAL YANIS BLANCO,414.0
890,COLEGIAL YANIS ROJO,388.0
891,COLEGIAL YANIS AZUL,322.0
892,DRIBLING AZUL OSCURO,0.0
893,DRIBLING AZUL LOS GOMOSOS,3.0
894,FLORINA ROSADO LOS GOMOSOS,10.0
895,FLORINA FUCSIA LOS GOMOSOS,5.0
896,GOMOSO SUPER ALTO,5.0
897,KIBY MULTICOLOR LOS GOMOSOS,3.0
898,PRISMA LILA LOS GOMOSOS,4.0
899,PRISMA FUCSIA LOS GOMOSOS,13.0
900,PRISMA AZUL OSCURO LOS GOMOSOS,2.0
901,SAIR BEIGE LOS GOMOSOS,31.0
902,SYZU AZUL OSCURO LOS GOMOSOS,22.0
903,SYZU VERDE LOS GOMOSOS,6.0
904,YELI BLANCO LOS GOMOSOS,2.0
905,BOTA CRUCERO GLORIA AZUL,35.0
906,ADHAN GRIS CROYDON,38.0
907,ADHAN ROJO CROYDON,0.0
908,AIDAN AZUL CROYDON,54.0
909,APOLONIO COLORS AZUL CROYDON,55.0
910,APOLONIO COLORS VINOTINTO,5.0
911,APOLONIO GRIS CROYDON,42.0
912,APOLONIO ROJO CROYDON,137.0
913,APOLONIO AZUL CROYDON,28.0
914,APOLONIO AMARILLO CROYDON,1.0
915,APOLONIO WOMEN MORADO CROYDON,16.0
916,APOLONIO WOMEN FUCSIA CROYDON,3.0
917,ARCANI AMARILLO CROYDON,7.0
918,ARCANI AZUL CROYDON,1.0
919,ARTHUR BLANCO CROYDON,4.0
920,ARTHUR ROJO CROYDON,15.0
921,BASCO NEGRO CROYDON,3.0
922,BOMBAO GRIS CROYDON,7.0
923,BOMBAO ROJO CROYDON,0.0
924,BOMBAO AZUL CROYDON,70.0
925,BOTA CRUCERO GLORIA BLANCO,20.0
926,CHIMER AZUL CROYDON,146.0
927,CHINESE GRIS CROYDON,9.0
928,CHINESE AZUL CROYDON,5.0
929,COVIC GRIS CROYDON,0.0
930,DALTON BEIGE CROYDON,49.0
931,DALTON AZUL CROYDON,90.0
932,DALTON AZUL REY CROYDON,1.0
933,DALTON VINOTINTO CROYDON,13.0
934,DELFINA AGUAMARINA CROYDON,21.0
935,DELFINA FUCSIA CROYDON,39.0
936,DEPORTIVO ALTO BLANCO CROYDON,1565.0
937,DEPORTIVO ALTO AZUL CLARO AZUL,238.0
938,DEPORTIVO ALTO NEGRO CROYDON,1263.0
939,DEPORTIVO ALTO ROJO CROYDON,84.0
940,DEPORTIVO ALTO COLOR BLANCO,28.0
941,DEPORTIVO ALTO COLORS BLANCO,43.0
942,DEPORTIVO ALTO COLORS NEGRO,51.0
943,DEPORTIVO ALTO ESPECIAL GRIS,6.0
944,DEPORTIVO ALTO ESPECIAL AZUL,0.0
945,DEPORTIVO ALTO ESP. VERDE,174.0
946,DEPORTIVO ALTO ESPECIAL NEGRO,0.0
947,DEPORTIVO BAJO BLANCO CROYDON,1899.0
948,DEPORTIVO BAJO AZUL CLARO AZUL,112.0
949,DEPORTIVO BAJO NEGRO CROYDON,1344.0
950,DEPORTIVO BAJO COLORS ROJO,51.0
951,DEPORTIVO BAJO COLORS AZUL,2.0
952,DEPORTIVO BAJO COLORS BLANCO,72.0
953,DEPORTIVO BAJO COLORS,32.0
954,DEPORTIVO BAJO COLORS GRIS,65.0
955,DEPOR-2010 BLANCO CROYDON,37.0
956,DEPOR-2010 GRIS CROYDON,13.0
957,DEPOR-2010 NEGRO CROYDON,15.0
958,DIRAR AZUL CROYDON,471.0
959,ESCO ROJO CROYDON,0.0
960,ESCO NEGRO CROYDON,0.0
961,EUDY GRIS CROYDON,2.0
962,EXCESS GRIS CROYDON,33.0
963,GENGAR NEGRO CROYDON,4.0
964,GINKO GRIS CROYDON,33.0
965,GINKO AZUL CROYDON,58.0
966,GINKO NEGRO CROYDON,10.0
967,HASS AZUL CROYDON,1.0
968,HAUNTER ROJO CROYDON,2.0
969,HAUNTER AZUL CROYDON,0.0
970,HAUNTER GRIS CROYDON,1.0
971,HUANG AZUL CROYDON,98.0
972,HUANG VERDE CROYDON,7.0
973,HUANG GRIS CROYDON,12.0
974,HUANG ROJO CROYDON,21.0
975,HUANG COLORS AZUL CROYDON,27.0
976,HUANG COLORS VINOTINTO CROYDON,127.0
977,HUANG COLORS VERDE CROYDON,1.0
978,JIMENA VERDE CROYDON,15.0
979,JIMENA NEGRO CROYDON,28.0
980,JIMENEZ AZUL CROYDON,34.0
981,JIMENEZ ROJO CROYDON,16.0
982,KARUSO GRIS CROYDON,9.0
983,KARUSO AZUL CROYDON,3.0
984,KARUSO NEGRO CROYDON,6.0
985,LAZARO BLANCO CROYDON,5.0
986,LENUS AZUL GRIS CROYDON,369.0
987,LENUS AZUL CROYDON,341.0
988,LEONIDAS GRIS CROYDON,32.0
989,LEONIDAS ROJO CROYDON,183.0
990,LEONIDAS AZUL CROYDON,74.0
991,LOTAD AZUL OSCURO CROYDON,10.0
992,LOTAD W GRIS CROYDON,9.0
993,LUMINA BLANCO AZUL CROYDON,8.0
994,LUMINA BLANCO FUCSIA CROYDON,9.0
995,MACAU BEIGE CROYDON,29.0
996,MACAU ROJO CROYDON,23.0
997,MACAU AZUL CLARO CROYDON,6.0
998,MOTAZ VERDE CROYDON,35.0
999,NACHO AMARILLO CROYDON,1.0
1000,NITRO AZUL CROYDON,8.0
1001,NITRO NEGRO CROYDON,0.0
1002,PERCIVAL BLANCO CROYDON,17.0
1003,PERCIVAL ROJO CROYDON,85.0
1004,PERCIVAL AZUL CROYDON,63.0
1005,PIPEN NEGRO CROYDON,1.0
1006,RADIM MORADO CROYDON,21.0
1007,SEEL ROJO CROYDON,5.0
1008,SEEL AZUL OSCURO CROYDON,6.0
1009,SMART 2018 AMARILLO CROYDON,12.0
1010,SMART 2018 CAFE CROYDON,6.0
1011,SMART 2018 AZUL CROYDON,9.0
1012,SMART 2018 VINOTINTO CROYDON,18.0
1013,SMART VERDE CROYDON,2.0
1014,SMART AMARILLO NEGRO CROYDON,2.0
1015,SMART ROJO CROYDON,0.0
1016,SMART AZUL OSCURO CROYDON,12.0
1017,SMART VINOTINTO CROYDON,1.0
1018,SMART NEGRO CROYDON,0.0
1019,SONTRA 2018 MARFIL CROYDON,7.0
1020,SONTRA 2018 GRIS CROYDON,35.0
1021,SONTRA 2018 AGUAMARINA CROYDON,34.0
1022,SONTRA 2018 ROJO CROYDON,7.0
1023,SONTRA 2018 AZUL CROYDON,13.0
1024,SONTRA 2018 VINOTINTO CROYDON,7.0
1025,SONTRA 2018 FUCSIA CROYDON,5.0
1026,SONTRA 2018 VERDE CROYDON,6.0
1027,SONTRA 3 AGUAMARINA CROYDON,14.0
1028,SONTRA 3 ROJO CROYDON,8.0
1029,SONTRA 3 AZUL CROYDON,21.0
1030,SONTRA 3 VINOTINTO CROYDON,12.0
1031,SONTRA 3 VERDE CROYDON,9.0
1032,SONTRA 3 NEGRO CROYDON,5.0
1033,SONTRA GRIS CROYDON,10.0
1034,SONTRA BEIGE CROYDON,14.0
1035,SONTRA FUCSIA CROYDON,0.0
1036,SONTRA VERDE CROYDON,5.0
1037,SONTRA ROSADO CROYDON,3.0
1038,SONTRA-2 ROSADO CROYDON,3.0
1039,SONTRA-2 AZUL CLARO CROYDON,0.0
1040,STARYO GRIS CROYDON,16.0
1041,STARYO AZUL CROYDON,1.0
1042,STARYO AMARILLO CROYDON,0.0
1043,TIURA GRIS CROYDON,29.0
1044,WALKING ROJO CROYDON,1.0
1045,WALKING BLANCO CROYDON,10.0
1046,WALKING AZUL,9.0
1047,YOAHO CAFE CROYDON,338.0
1048,YOAHO ROJO CROYDON,28.0
1049,YOAHO AZUL CROYDON,15.0
1050,ZAIMON VINOTINTO CROYDON,308.0
1051,ZAIMON GRIS CROYDON,18.0
1052,ZAIMON AMARILLO CROYDON,255.0
1053,ZIGOR AZUL CROYDON,195.0
1054,ZIGOR ROJO CROYDON,61.0
1055,MACHA ALTA NEGRO CROYDON,69780.0
1056,MISTIC 3 AZUL OSCURO GRIS,1.0
1057,MACHA ALTA AMARILLO CROYDON,2563.0
1058,MACHA ALTA EXPORTACIONES,4.0
1059,MACHA ALTA EXPORTACIONES NEGRO,326.0
1060,MACHA ALTA ROYAL WHITE BLANCO,192.0
1061,MACHA ALTA ROYAL BLANCO,1121.0
1062,MACHA BAJA NEGRO CROYDON,4543.0
1063,MACHA BAJA ROYAL BLANCO,7610.0
1064,SUPERMACHA BAJA AMARILLO,989.0
1065,SUPERMACHA BAJA BLANCO,1407.0
1066,SUPER MACHA BAJA FOOD INDUSTRY,967.0
1067,ACCESORIO ZAPATON THERMAL,89.0
1068,WORKMAN ALTA AMARILLA AMARILLO,9354.0
1069,WORKMAN ALTA FOOD INDUSTRY,8322.0
1070,WORKMAN FOOD INDUSTRY AMARILLO,10623.0
1071,WORKMAN SUPERSAFETY AMARILLO,4223.0
1072,WORKMAN SUPERSAFETY BLANCO,586.0
1073,WORKMAN SUPER SAFETY FOOD INDU,202.0
1074,WORKMAN SUPER SAFETY AMARILLO,1269.0
1075,WORKMAN SUPER SAFETY NEGRO,3259.0
1076,WORKMAN SAFETY AMARILLO,12155.0
1077,WORKMAN SAFETY FOOD INDUSTRY,12934.0
1078,WORKMAN SAFETY WATERPROOF,23168.0
1079,WORK SAFETY WATERPROOF,5051.0
1080,WORK SAFETY WATERPROOF NEGRO,2326.0
1081,WORKMAN TERMICA AMARILLO,239.0
1082,WORKMAN TERMICA BLANCO,210.0
1083,WORKMAN TERMICA SUPER SEGURIDA,185.0
1084,WORKMAN TERMICA SEGURIDAD,159.0
1085,WORKMAN SAFETY TERMICA FOOD IN,363.0
1086,WORKMAN SAFETY TERM FOOD INDUS,426.0
1087,WORKMAN THERMAL FOOD INDUSTRY,50.0
1088,ZAPATON LA MACHA NEGRO CROYDON,400.0
1089,ZAPATON WORKMAN AMARILLO,400.0
1090,ZAPATON WORKMAN BLANCO WORKMAN,435.0
1091,ZAPATON WORKMAN SUPER SAFETY,268.0
1092,ZAPATON WORKMAN SAFETY,1032.0
1093,ZAPATON WORKMAN SAFETY BLANCO,445.0
1094,ZAPATON WATERPROOF SEGURIDAD,646.0
1095,ASSAM GRIS ROJO DISNEY,18.0
1096,CARS 95 AZUL ROJO DISNEY,0.0
1097,CARS 95 GRIS OSCURO NARANJA,5.0
1098,MIA ROSADO FUCSIA DISNEY,37.0
1099,YORELI AZUL FUCSIA DISNEY,4.0
1100,ABID AZUL GRIS DISNEY,105.0
1101,ALEXEI ROJO AZUL DISNEY,8.0
1102,ALINNE LILA DISNEY,24.0
1103,ANDREUS ROJO NEGRO DISNEY,8.0
1104,ANGUS AZUL ROJO DISNEY,13.0
1105,ARLET AZUL ROJO DISNEY,11.0
1106,BOTA ATHENA ROSADO DISNEY,16.0
1107,AVIONES 1 AZUL GRIS DISNEY,1.0
1108,AVIONES 1 GRIS NARANJA DISNEY,1.0
1109,AYME GRIS OSCURO ROJO DISNEY,29.0
1110,AZAHAR FUCSIA DISNEY,48.0
1111,BOTA BADEMIA LILA DISNEY,9.0
1112,BOTA BADEMIA ROSADO DISNEY,3.0
1113,CARIHG PRIN HB ROSADO LILA,1.0
1114,CARIHG PRINCES ROSADO FUCSIA,10.0
1115,CARS SPY AZUL AZUL DISNEY,3.0
1116,CARS FIRE AZUL NARANJA DISNEY,0.0
1117,CARS FIRE GRIS ROJO DISNEY,1.0
1118,CARS JUST AZUL GRIS DISNEY,2.0
1119,CARS JUST GRIS OSCURO NARANJA,0.0
1120,CARS SPY AZUL PLATA DISNEY,16.0
1121,CARS SPY GRIS OSCURO ROJO,71.0
1122,CASEY FUCSIA DISNEY,17.0
1123,CIRCE AGUAMARINA FUCSIA DISNEY,154.0
1124,CLARION ROSADO DISNEY,12.0
1125,CLARION FUCSIA DISNEY,22.0
1126,CLARIZA LILA DISNEY,2.0
1127,CLARIZA MORADO DISNEY,17.0
1128,CLIFF AZUL AZUL CLARO DISNEY,100.0
1129,COATES ROJO DISNEY,7.0
1130,COUT FUCSIA AGUAMARINA DISNEY,30.0
1131,CRUSSET AGUAMARINA DISNEY,52.0
1132,DANE AZUL DISNEY,26.0
1133,DEMONA FUCSIA LILA DISNEY,139.0
1134,DINAMAR ROSADO DISNEY,6.0
1135,DINOCO AZUL NARANJA DISNEY,38.0
1136,BOTAS SURTIDA SURTIDO DISNEY,77.0
1137,DORIAN AZUL ROJO DISNEY,113.0
1138,BOTA DORINDA FUCSIA DISNEY,1.0
1139,DOUGLAS AZUL NARANJA DISNEY,47.0
1140,ELENI LILA FUCSIA DISNEY,15.0
1141,ENDOR FUCSIA DISNEY,26.0
1142,BOTA GARFIO AZUL DISNEY,48.0
1143,HA-214 FUCSIA LILA DISNEY,5.0
1144,HA-214 MORADO FUCSIA DISNEY,1.0
1145,HADAS LIGHT FUCSIA LILA DISNEY,3.0
1146,HADAS LIGHT MORADO FUCSIA,3.0
1147,HOMER GRIS ROJO DISNEY,142.0
1148,JACK PIRATA AZUL OSCURO DISNEY,5.0
1149,JACK PIRATA GRIS OSCURO DISNEY,2.0
1150,LANDER AZUL ROJO DISNEY,5.0
1151,LIMIT FUCSIA DISNEY,6.0
1152,LOGAN GRIS DISNEY,32.0
1153,LORIAN AZUL GRIS DISNEY,1.0
1154,MAE LILA DISNEY,28.0
1155,BOTA MAIARA AZUL OSCURO DISNEY,56.0
1156,MCQUEEN CARS AZUL ROJO DISNEY,60.0
1157,MCQUEEN CARS,12.0
1158,MICKEY 2015 AZUL DISNEY,32.0
1159,MICKEY 2015 GRIS DISNEY,48.0
1160,MICKEY AZUL ROJO DISNEY,1.0
1161,MICKEY ANIMAT MULTICOLOR,116.0
1162,MIKE AZUL OSCURO GRIS DISNEY,20.0
1163,MINNI PRIMAVERA ROSADO FUCSIA,10.0
1164,MINNIE 2020 FUCSIA DISNEY,3.0
1165,MINNIE 2020 ROSADO DISNEY,4.0
1166,MINNIE POINTS FUCSIA DISNEY,30.0
1167,MIRZA AGUAMARINA FUCSIA DISNEY,3.0
1168,MODRIC ROJO AZUL DISNEY,68.0
1169,BOTA MORGAN GRIS OSCURO DISNEY,0.0
1170,OK MU GRIS OSCURO NARANJA,52.0
1171,OK MU AZUL ROJO DISNEY,5.0
1172,PIRATE DOS GRIS DISNEY,57.0
1173,PIRATE DOS AZUL DISNEY,1.0
1174,PISTON CUP AZUL PLATA DISNEY,1.0
1175,BOTA.POOH AVENTURE LILA DISNEY,80.0
1176,BOTA.POOH AVENTURE SURTIDO,4.0
1177,BOTA.POOH AVENTURE AZUL DISNEY,29.0
1178,PRI-2014 FUCSIA LILA DISNEY,13.0
1179,PRI-2014 LILA FUCSIA DISNEY,0.0
1180,PRIN SOFIA MORADO DISNEY,1.0
1181,PRINC SPARKLE LILA FUCSIA,1.0
1182,PRINCESS SPARKLE ROSADO FUCSIA,18.0
1183,PRINCESS LILA FUCSIA DISNEY,1.0
1184,PRINCESS ROSADO AZUL DISNEY,2.0
1185,PRINCESS BRIGHT MULTICOLOR,8.0
1186,PRINC ESTRELLA FUCSIA ROSADO,2.0
1187,PRINC ESTRELLA LILA FUCSIA,0.0
1188,RAOUL FUCSIA DISNEY,25.0
1189,SAFINA FUCSIA ROSADO DISNEY,112.0
1190,SEGER MORADO DISNEY,9.0
1191,BOTA SERAFINA LILA DISNEY,7.0
1192,BOTA SERAFINA MORADO DISNEY,10.0
1193,SERIE MICKEY GRIS DISNEY,1.0
1194,SERIE MICKEY AZUL DISNEY,2.0
1195,SILVA GRIS NARANJA DISNEY,56.0
1196,SOFIA MAGICA FUCSIA DISNEY,5.0
1197,SOFIA MAGICA LILA DISNEY,1.0
1198,SOFIA-1 AZUL OSCURO DISNEY,63.0
1199,SOFIA-1 LILA DISNEY,16.0
1200,STORM GRIS ROJO DISNEY,8.0
1201,STORY INTER AZUL DISNEY,2.0
1202,SVEN LILA FUCSIA DISNEY,18.0
1203,TIN FRIEND FUCSIA LILA DISNEY,9.0
1204,TIN FRIEND MORADO FUCSIA,13.0
1205,TITANIUM GRIS OSCURO ROJO,38.0
1206,TOY BOX MULTICOLOR DISNEY,236.0
1207,TOY FAST GRIS OSCURO ROJO,9.0
1208,TOY KUNG FU AZUL ROJO DISNEY,3.0
1209,TOY KUNG FU GRIS OSCURO AZUL,11.0
1210,TOY MEGA AZUL GRIS DISNEY,6.0
1211,TOY NEW AZUL NARANJA DISNEY,36.0
1212,TOY NEW GRIS OSCURO ROJO,3.0
1213,TOY STORY AZUL ROJO DISNEY,0.0
1214,TOYSTORY 1 AZUL ROJO DISNEY,46.0
1215,TOYSTORY 1 AZUL PLATA DISNEY,15.0
1216,VEIRA ROSADO FUCSIA DISNEY,3.0
1217,ZAID GRIS OSCURO ROJO DISNEY,72.0
1218,ZAREN LILA DISNEY,88.0
1219,ZELDA FUCSIA ROSADO DISNEY,78.0
1220,4 X 4 AZUL OSCURO AMARILLO,415.0
1221,4 X 4 NEGRO VERDE LOS GOMOSOS,58.0
1222,ARITZ FUCSIA ROSADO,11.0
1223,BANDY LILA FUCSIA LOS GOMOSOS,12.0
1224,FERRARI NEGRO ROJO LOS GOMOSOS,37.0
1225,GEMELAS 2 FUCSIA ROSADO,5.0
1226,GEMELAS 2 MORADO FUCSIA,0.0
1227,GEMELAS MORADO FUCSIA,1.0
1228,GOMO BECKAN AZUL ROJO,44.0
1229,GOMOBRON GRIS AZUL LOS GOMOSOS,25.0
1230,GOMY 2 MULTICOLOR LOS GOMOSOS,86.0
1231,MIRAKOL FUCSIA LOS GOMOSOS,180.0
1232,MIRAKOL LILA LOS GOMOSOS,22.0
1233,SAETTA AZUL LOS GOMOSOS,114.0
1234,SAETTA GRIS OSCURO LOS GOMOSOS,18.0
1235,MONSTER AZUL PLATA LOS GOMOSOS,0.0
1236,MONSTER TRUCK VEN AZUL PLATA,6.0
1237,NIEVE ROSADO LOS GOMOSOS,74.0
1238,NIEVE LILA LOS GOMOSOS,10.0
1239,JESSY LILA FUCSIA LOS GOMOSOS,1.0
1240,MACHITA BLANCO CROYDON,622.0
1241,MACHITA AZUL CROYDON,15554.0
1242,MACHITA KIDS AZUL CROYDON,2797.0
1243,MACHITA KIDS NEGRO CROYDON,4864.0
1244,MACHITA NEGRO CROYDON,2717.0
1245,MACHITA DEFENSA CIVIL NEGRO,12.0
1246,POLIS AZUL ROJO LOS GOMOSOS,1.0
1247,BOTA SUPERMACHITA AMARILLO,297.0
1248,BOTA SUPERMACHITA BLANCO,1645.0
1249,ZAPATON MACHITA AZUL CROYDON,689.0
1250,ZAPATON MACHITA BLANCO CROYDON,251.0
1251,ZAPATON MACHITA NEGRO CROYDON,413.0
1252,ZAPATON SUPERMACHITA BLANCO,1039.0
1253,FEMINELA AMARILLA AMARILLO,15.0
1254,FEMINELA AZUL AZUL CROYDON,2839.0
1255,FEMINELA NEGRO NEGRO CROYDON,3951.0
1256,BOTA SUPERFEMINELA AMARILLO,1.0
1257,FEMINELA FOOD INDUSTRY BLANCO,24.0
1258,FEMINELA ESTAMPADA SURTIDA,719.0
1259,FEMINELA COMICS AZUL OSCURO,2.0
1260,FEMINELA COMICS WOMAN,0.0
1261,FEMINELA MARIPOSAS NEGRO,0.0
1262,FEMINELA FASHION -55573,2.0
1263,FEMINELA CEBRA(83123),0.0
1264,FEMINELA YOLI MULTICOLOR,0.0
1265,FEMINELA PUNTOS NEGRO CROYDON,0.0
1266,FEMINELA JULIETH GRIS CROYDON,1.0
1267,FEMINELA MARBEL NEGRO CROYDON,24.0
1268,FEMINELA DRAGMA MULTICOLOR,67.0
1269,FEMINELA JENNY NEGRO CROYDON,0.0
1270,FEMINELA SARAY AZUL CROYDON,0.0
1271,FEMINELA JEAN AZUL CROYDON,110.0
1272,FEMINELA YIRAF AZUL CROYDON,0.0
1273,FEMINELA ALICIA NEGRO CROYDON,0.0
1274,FEMINELA VITOLA NEGRO CROYDON,16.0
1275,FEMINELA ANDROMEDA MULTICOLOR,5.0
1276,FEMINELA FLORISTA NEGRO,2.0
1277,FEMINELA TARINGA NEGRO CROYDON,2.0
1278,FEMINELA MIRO MULTICOLOR,0.0
1279,FEMINELA OPALINA MULTICOLOR,0.0
1280,FEMINELA PIÐAS MULTICOLOR,0.0
1281,FEMINELA BOHIO MULTICOLOR,73.0
1282,FEMINELA DELUX NEGRO CROYDON,2.0
1283,FEMINELA ARPEGIO NEGRO CROYDON,46.0
1284,FEMINELA TAYGA MULTICOLOR,1.0
1285,FEMINELA FILATELIA AZUL,3.0
1286,FEMINELA GLAMOUR MULTICOLOR,1.0
1287,FEMINELA LISSA VERDE CROYDON,7.0
1288,FEMINELA FRESIA GRIS CROYDON,40.0
1289,FEMINELA EGIPCIA GRIS CROYDON,0.0
1290,FEMINELA GARDEN VERDE CROYDON,90.0
1291,FEMINELA ZEBRA CAMUFLADO,0.0
1292,FEMINELA COBURGO NEGRO CROYDON,12.0
1293,FEMINELA CECI NEGRO CROYDON,0.0
1294,FEMINELA CORINA NEGRO CROYDON,1.0
1295,FEMINELA BEATLES NEGRO CROYDON,0.0
1296,FEMINELA LUNA NEGRO CROYDON,0.0
1297,FEMINELA ELIANA NEGRO CROYDON,12.0
1298,FEMINELA COMICS MULTICOLOR,2.0
1299,FEMINELA INES GRIS CROYDON,0.0
1300,MACHITA ESTAMPADA SURTIDO,83.0
1301,MACHITA ESTAMPADA JR NEGRO,14.0
1302,MACHITA ESTAMPADA JR LORENZA,2.0
1303,MACHITA ESTAMPADA JR COMIC,13.0
1304,MACHITA ESTAMPADA JR ROMBOS,17.0
1305,MACHITA ESTAMPADA JR ASTRID,4.0
1306,MACHITA ESTAMPADA JR JEAN AZUL,23.0
1307,MACHITA ESTAMPADA JR LOLITA,25.0
1308,MACHITA JEAN AZUL CROYDON,39.0
1309,CALAMITY NEGRO CROYDON,29.0
1310,CASIDY NEGRO CROYDON,44.0
1311,FEMINELA KATY II ROJO CROYDON,23.0
1312,MACHA ESTAMPADA COMICS,24.0
1313,MACHA ESTAMPADA CANDY,8.0
1314,MACHA ESTAMPADA DIARIO BLANCO,12.0
1315,MACHA ESTAMPADA PUNTOS BLANCO,7.0
1316,MACHA ESTAMPADA PUNTOS NEGRO,39.0
1317,MACHA ESTAMPADA TROPICAL,11.0
1318,MACHA ESTAMPADA INFINITO,43.0
1319,MACHA ESTAMPADA VIVIAM FUCSIA,0.0
1320,MACHA ESTAMPADA JEAN AZUL,43.0
1321,MACHA ESTAMPADA SURTIDA,0.0
1322,MACHA ESTAM PADA INES GRIS,0.0
1323,MACHA ESTAMPADA ALICIA NEGRO,3.0
1324,MACHA ESTAMPADA RENATA NEGRO,4.0
1325,MACHA INES NEGRO CROYDON,41.0
1326,MACHA ESTAMPADA LLUVIA NEGRO,1.0
1327,MACHA ESTAMPADA HELEN ROSADO,6.0
1328,MACHA ESTAMPADA LOLITA BLANCO,15.0
1329,TIFFANY AZUL AZUL CROYDON,1302.0
1330,TIFFANY CARROS BLANCO CROYDON,10.0
1331,TIFFANY PIÐAS MULTICOLOR,0.0
1332,TIFFANY TRAZO NEGRO CROYDON,2.0
1333,TIFFANY VITOLA NEGRO CROYDON,6.0
1334,TIFFANY ARIAL NEGRO CROYDON,1.0
1335,TIFFANY SIMETRICA LILA CROYDON,4.0
1336,TIFFANY FILATELIA AZUL CROYDON,6.0
1337,TIFFANY DYANTUS MULTICOLOR,5.0
1338,TIFFANY PINELA BEIGE CROYDON,0.0
1339,TIFFANY FRESIA GRIS CROYDON,4.0
1340,TIFFANY RISTRA NEGRO CROYDON,1.0
1341,TIFFANY DELUX NEGRO CROYDON,1.0
1342,TIFFANY GREVY NEGRO CROYDON,0.0
1343,TIFFANY YIRAF AZUL CROYDON,6.0
1344,TIFFANY MIYERSI FUCSIA CROYDON,0.0
1345,TIFFANY JEAN AZUL CROYDON,267.0
1346,TIFFANY NOCHE NEGRO CROYDON,0.0
1347,TIFFANY MACULA LILA CROYDON,2.0
1348,TIFFANY TRIANA BEIGE CROYDON,0.0
1349,TIFFANY GRAVITY MULTICOLOR,0.0
1350,TIFFANY MIRO MULTICOLOR,0.0
1351,TIFFANY ZARINA MULTICOLOR,0.0
1352,TIFFANY SHIRAZ MULTICOLOR,0.0
1353,TIFFANY BUKET MULTICOLOR,0.0
1354,TIFFANY DELIS MORADO CROYDON,0.0
1355,TIFFANY SAKURA NEGRO CROYDON,0.0
1356,TIFFANY ALEVILLA MULTICOLOR,2.0
1357,TIFFANY MANDALA MULTICOLOR,0.0
1358,TIFFANY COBURGO NEGRO CROYDON,0.0
1359,TIFFANY SURTIDA MULTICOLOR,1173.0
1360,BOTA JESIK AZUL CROYDON,41.0
1361,BOTA JESIK NEGRO CROYDON,200.0
1362,BOTA JESIK VINOTINTO CROYDON,92.0
1363,TIFFANY NEGRA NEGRO CROYDON,856.0
1364,BOTA TIFFANY OTAWA CATRINA,118.0
1365,BOTA TIFFANY OTAWA FLORES,48.0
1366,BOTA TIFFANY OTAWA TREBOL AZUL,26.0
1367,BOTA TITAN BLANCO CROYDON,1958.0
1368,BOTA TITAN EXPORTACION BLANCO,104.0
1369,BOTA TITAN NEGRO CROYDON,10531.0
1370,ARGYLL NEGRO CROYDON,4572.0
1371,ARGYLL FIREMEN ALTA NEGRO,20.0
1372,ARGYLL R.H NEGRO CROYDON,38.0
1373,ARGYLL SUPER SAFETY GRABADA,242.0
1374,ARGYLL SUPER SAFETY RH COLLAR,5.0
1375,ARGYLL SUPER SAFETY RH NEGRO,43.0
1376,ARGYLL SAFETY NEGRO CROYDON,3722.0
1377,ARGYLL SAFETY AGARRADERAS,114.0
1378,ARGYLL SAFETY RH NEGRO CROYDON,86.0
1379,ARGYLL SUPER FIREMEN NEGRO,4.0
1380,ARGYLL SUPER SAFETY NEGRO,2516.0
1381,SUPER ARGYLL NEGRO CROYDON,1182.0
1382,BOTA ARGYLL TICK CALIBER NEGRO,24.0
1383,CROYDON FIRE FILTEX NEGRO,591.0
1384,CROYDON FIRE FILTREX NEGRO,66.0
1385,CROYDON FIRE A NOMEX NEGRO,399.0
1386,CROYDON INDUSTRY MINNER NEGRO,48.0
1387,ROYAL ARGYLL OSE AMARILLO,79.0
1388,ROYAL ARGYLL RH SM NEGRO,45.0
1389,ROYAL ARGYLL RH STM AMARILLO,0.0
1390,ROYAL ARGYLL RH AMARILLO,2.0
1391,ROYAL ARGYLL SAFETY OSE,289.0
1392,SUPER ARGYLL COLLAR NEGRO,655.0
1393,SUPER ARGYLL PFA NEGRO CROYDON,6.0
1394,SUPER ARGYLL R.H NEGRO CROYDON,61.0
1395,SUPER ARGYLL SUELA MOLDEADA,19.0
1396,WORKAN RUBER FIREMAN D FILTREX,86.0
1397,DAKOTA 9000 NEGRO CROYDON,50.0
1398,DAKOTA 9001 VERDE CROYDON,101.0
1399,BOTA FIRE DEX MEDIUM NEGRO,30.0
1400,BOTA FIRE DEX WIDE NEGRO,5.0
1401,"CROYDON FIRE A NOMEX-13"" NEGRO",30.0
1402,CROYDON RUBBER FIRE FILTREX,51.0
1403,CROYDON RESCUE NEGRO CROYDON,941.0
1404,CROYDON RUBER FIRE D AMARILLO,379.0
1405,"W.RUBER S/FIRE NOMEX 16""E",123.0
1406,WORKMAN RUBBER FIREMAN FILTTRE,358.0
1407,RUBBER SUPER FIREMAN NEGRO,59.0
1408,RUBBER FIREMAN NOMEX NEGRO,17.0
1409,WORKMAN FIRE NEGRO WORKMAN,68.0
1410,WORKMAN FIRE HB014 NEGRO,642.0
1411,WORKMAN FIRE NEGRO NARANJA,58.0
1412,WORKMAN RUBBER MINER NEGRO,236.0
1413,WORKMAN RUBBER SUPER FIREMEN,1.0
1414,"WORK RUB/FIRE""D""FIL 13""SM",52.0
1415,WORKMAN RUBBER FIREMAN NEGRO,221.0
1416,"WORK RUB/FIRE""E""NOM 13""SM",115.0
1417,WORKMAN RUBER FIREMAN A FILT,10.0
1418,WORKMAN RUBER FIREMAN A FILTRE,2.0
1419,RUBBER MINER NEGRO CROYDON,59.0
1420,WORKMAN RUBER S/FIREMEN D FILTREX,38.0
1421,WORKMAN RUBER S/FIREMEN FIRE PRO,75.0
1422,BACHILLER AZUL CROYDON,9804.0
1423,BACHILLER CAFE CAFE CROYDON,188.0
1424,BACHILLER CAFE CROYDON,4447.0
1425,BACHILLER NEGRO CROYDON,12599.0
1426,BACHILLER NEGRO NEGRO CROYDON,15825.0
1427,BACHILLER ROJO CROYDON,5486.0
1428,CIRCUIT NEGRO CROYDON,2069.0
1429,MAFALDA AZUL CROYDON,7643.0
1430,MAFALDA CAFE CAFE CROYDON,366.0
1431,MAFALDA CAFE CROYDON,3323.0
1432,MAFALDA NEGRO CROYDON,10073.0
1433,MAFALDA ROJO CROYDON,3788.0
1434,MATHILDE AZUL CROYDON,2679.0
1435,MATHILDE CAFE CROYDON,1990.0
1436,MATHILDE NEGRO CROYDON,12241.0
1437,MATHILDE ROJO CROYDON,908.0
1438,VIDEL AZUL CROYDON,1468.0
1439,VIDEL CAFE CROYDON,426.0
1440,VIDEL NEGRO CROYDON,2677.0
1441,INE BEIGE CROYDON,12.0
1442,INE ROSADO CROYDON,9.0
1443,INE CORAL CROYDON,2.0
1444,INE AZUL CROYDON,55.0
1445,INE NEGRO CROYDON,33.0
1446,JONICO CAFE CROYDON,29.0
1447,JONICO NEGRO CROYDON,0.0
1448,JONICO VERDE CROYDON,8.0
1449,SLIMER CR BEIGE CROYDON,18.0
1450,SLIMER CR CAFE CROYDON,2592.0
1451,SLIMER CR NEGRO CROYDON,2356.0
1452,SPEET GRIS CROYDON,0.0
1453,SPEET CAFE CROYDON,12.0
1454,SPIN NEGRO CROYDON,26.0
1455,TIVAL AMARILLO CROYDON,454.0
1456,TOMOE GRIS CROYDON,2128.0
1457,TOMOE NEGRO CROYDON,2022.0
1458,VALCO AMARILLO CROYDON,315.0
1459,BAGGLIA NEGRO CROYDON,4207.0
1460,BAGGLIA NEGRO NEGRO CROYDON,7987.0
1461,COLEGIAL XX PC AZUL CROYDON,2766.0
1462,COLEGIAL XX AZUL CROYDON,888.0
1463,COLEGIAL XX PC BLANCO CROYDON,11522.0
1464,COLEGIAL XX BLANCO CROYDON,1307.0
1465,COLEGIAL XX PC NEGRO CROYDON,2553.0
1466,COLEGIAL XX NEGRO CROYDON,484.0
1467,COLEGIAL XXI PC AZUL CROYDON,592.0
1468,COLEGIAL XXI AZUL CROYDON,0.0
1469,COLEGIAL XXI PC BLANCO CROYDON,11017.0
1470,COLEGIAL XXI BLANCO CROYDON,1406.0
1471,COLEGIAL XXI PC NEGRO CROYDON,910.0
1472,COLEGIAL XXI NEGRO CROYDON,464.0
1473,DEVON NEGRO CROYDON,49.0
1474,KIT COLEGIAL 1 MULTICOLOR,2.0
1475,KIT COLEGIAL 2 MULTICOLOR,5.0
1476,LORIK NEGRO CROYDON,1906.0
1477,COLEGIAL LORIK NEGRO NEGRO,5574.0
1478,PLANTILLA SPLANTFWM05 ROJO ,0.0
1479,AFER AZUL CROYDON,32.0
1480,AFER NEGRO CROYDON,23.0
1481,AJAX CAFE CROYDON,18.0
1482,ALENKA PLATA CROYDON,43.0
1483,ALENKA BEIGE CROYDON,118.0
1484,ALENKA NEGRO CROYDON,25.0
1485,ALLAN SURTIDO CROYDON,12.0
1486,ALLEN VINOTINTO CROYDON,3.0
1487,BASEL AZUL CROYDON,19.0
1488,BITIO AMARILLO CROYDON,13.0
1489,BITIO AZUL CROYDON,75.0
1490,BITIO VERDE CROYDON,29.0
1491,CHIARA FUCSIA CROYDON,14.0
1492,DECLAN CAFE CROYDON,43.0
1493,DECLAN NEGRO CROYDON,20.0
1494,DIYA NEGRO CROYDON,15.0
1495,DRAC NEGRO CROYDON,67.0
1496,EKA AZUL CLARO CROYDON,54.0
1497,EKA AZUL CROYDON,12.0
1498,ESTEFAN II AZUL CROYDON,29.0
1499,EUXEA NEGRO CROYDON,15.0
1500,GALLIA ALTO BLANCO CROYDON,200.0
1501,GALLIA ALTO ROSADO CROYDON,215.0
1502,GALLIA BAJO BLANCO CROYDON,35.0
1503,GALLIA BAJO ROSADO CROYDON,30.0
1504,JUSVY LILA CROYDON,39.0
1505,KANT NEGRO CROYDON,281.0
1506,KATIUSKA AZUL CROYDON,210.0
1507,LEA BEIGE,194.0
1508,MASHA CAFE CROYDON,93.0
1509,MIRNA AZUL CROYDON,46.0
1510,NEVES NEGRO CROYDON,32.0
1511,NUKAK ROSADO CROYDON,16.0
1512,RUSKIN SURTIDO CROYDON,11.0
1513,SARI VERDE CROYDON,42.0
1514,HAKIMI ROJO CROYDON,84.0
1515,RADIM ROSADO CROYDON,151.0
1516,SALAH BLANCO CROYDON,80.0
1517,SUPER ARGYLL SUELA NEGRO,24.0
1518,"FIRE FILTEX 13"" WID J NEGRO",170.0
1519,CROYDON FIRE NOMEX NEGRO,73.0
1520,CROYDON RUBBER FIREMEN FILTREX,0.0
1521,KIT COLEGIAL MULTICOLOR,2.0
1522,ADISA AZUL CROYDON,49.0
1523,AFER VERDE CROYDON,16.0
1524,ARABIGO AZUL CROYDON,24.0
1525,AREU GRIS CROYDON,183.0
1526,AUDRI ROSADO CROYDON,29.0
1527,AUDRI AZUL CROYDON,9.0
1528,BYRKIT BLANCO CROYDON,28.0
1529,BYRKIT GRIS CROYDON,12.0
1530,BYRKIT MORADO CROYDON,59.0
1531,COBAIN GRIS CROYDON,91.0
1532,DIYA BLANCO CROYDON,53.0
1533,ESTEFAN II ROSADO CROYDON,23.0
1534,FARAJI BLANCO CROYDON,19.0
1535,KASE GRIS CROYDON,154.0
1536,LEAN CAFE CROYDON,30.0
1537,OPAL AZUL CROYDON,159.0
1538,PAIPA I AZUL ROJO CROYDON,35.0
1539,PAIPA II NEGRO BEIGE CROYDON,2.0
1540,PINAR AZUL CROYDON,33.0
1541,RABBIT BLANCO CROYDON,24.0
1542,REIS GRIS CROYDON,34.0
1543,REIS BEIGE CROYDON,15.0
1544,SALVIA GRIS CROYDON,20.0
1545,SALVIA ROSADO CROYDON,66.0
1546,TELGA BEIGE CROYDON,79.0
1547,TELGA ROSADO CROYDON,44.0
1548,ZARD CAFE CROYDON,9.0
1549,DIRAR GRIS CROYDON,458.0
1550,HUANG AMARILLO CROYDON,4.0
1551,KAABI ROJO CROYDON,51.0
1552,MOTAZ BEIGE CROYDON,79.0
1553,MATHE AZUL GRIS DISNEY,297.0
1554,SOFY LILA ROSADO DISNEY,38.0
1555,MACHITA ESTAMPADA JLUETH,281.0
1556,MACHITA ESTAMPADA ESCOCES ROJO,40.0
1557,MACHIITA ESTAMPADA JACKY MARIP,54.0
1558,MACHITA ESTAMPADA FLORES,52.0
1559,TIFFANY FLORESTA AGUAMARINA,10.0
1560,TIFFANY ROMANTIC MULTICOLOR,524.0
1561,ROYAL ARGYLL HIGH AMARILLO,5.0
1562,WORKMAN RUBBER FIREMEN NEGRO,322.0
1563,AVA ROJO CROYDON,37.0
1564,AVA NEGRO CROYDON,17.0
1565,BENET ALTO AZUL CROYDON,15.0
1566,BENET ALTO VINOTINTO CROYDON,27.0
1567,BENET BAJO AZUL CROYDON,63.0
1568,BENET BAJO VINOTINTO CROYDON,178.0
1569,BENTO ALTO NEGRO CROYDON,118.0
1570,BENTO BAJO NEGRO CROYDON,299.0
1571,CIRIAL AZUL CROYDON,59.0
1572,CIRIAL VERDE CROYDON,52.0
1573,CLASS NEGRO CROYDON,0.0
1574,DISCOVERY ALTO BLANCO BLANCO,7.0
1575,BLUSS FUCSIA CROYDON,0.0
1576,ELIF NEGRO CROYDON,14.0
1577,FILIPA CAFE CROYDON,0.0
1578,IREM BLANCO CROYDON,30.0
1579,IREM NEGRO CROYDON,12.0
1580,OPAL FUCSIA CROYDON,153.0
1581,POKY VERDE CROYDON,0.0
1582,SLIP ON KISS NEGRO ,0.0
1583,SONTRA FLORES BEIGE CROYDON,7.0
1584,SONTRA FLORES AZUL CROYDON,15.0
1585,DIRAR ROJO CROYDON,217.0
1586,FORKY AZUL NARANJA DISNEY,151.0
1587,BOTA TITAN EXPORTACION NEGRO,0.0
1588,INE FLORES NEGRO CROYDON,22.0
1589,ARABIGO BEIGE CROYDON,29.0
1590,AREU BLANCO CROYDON,231.0
1591,BACCATA MORADO CROYDON,21.0
1592,BACCATA VERDE CROYDON,6.0
1593,BACCATA NEGRO CROYDON,7.0
1594,BID CAFE CROYDON,20.0
1595,BID AZUL CROYDON,21.0
1596,BRICE GRIS CROYDON,84.0
1597,NOHA GRIS CROYDON,3.0
1598,NUKAK MORADO CROYDON,5.0
1599,RANI GRIS CROYDON,106.0
1600,STAN CAFE CROYDON,199.0
1601,TANGARA AZUL CROYDON,18.0
1602,FONTE AZUL CROYDON,114.0
1603,SALAH VERDE CROYDON,45.0
1604,FEMINELA FRIDA NEGRO FUCSIA,44.0
1605,FEMINELA QUANT MULTICOLOR,0.0
1606,MACHITA JR ESTAMPADA ROMANTICA,0.0
1607,MACHITA JR ESTAMPADA PUNTOS,0.0
1608,MACHITA JR ESTAMPADA DINAMO,15.0
1609,MACHA ONONIS NEGRO LILA,86.0
1610,MACHA GIORGIA BEIGE MULTICOLOR,11.0
1611,TIFFANY DINAMO MULTICOLOR,195.0
1612,TIFFANY ARGELINA,101.0
1613,TIFFANY DONELA,78.0
1614,ALEXANDRINA ROSADO CROYDON,29.0
1615,ANIR NEGRO CROYDON,26.0
1616,BARBRA NEGRO CROYDON,807.0
1617,CARITAT BLANCO CROYDON,54.0
1618,DRAKO AZUL CROYDON,192.0
1619,EDRIC AZUL CROYDON,393.0
1620,FEDE CAFE CROYDON,56.0
1621,GENESIS MULTICOLOR CROYDON,17.0
1622,MADAI MULTICOLOR CROYDON,30.0
1623,MATRIS NEGRO CROYDON,85.0
1624,PERENES BEIGE CROYDON,150.0
1625,SAORI VERDE CROYDON,8.0
1626,SIRIO VINOTINTO CROYDON,398.0
1627,ULA MORADO CROYDON,154.0
1628,FONTE BEIGE CROYDON,150.0
1629,HAKIMI AZUL CROYDON,126.0
1630,YOUSSEF ROJO CROYDON,53.0
1631,YOUSSEF AZUL CROYDON,10.0
1632,BOOTEN GRIS OSCURO ROJO DISNEY,86.0
1633,HYDRA FUCSIA AGUAMARINA DISNEY,26.0
1634,LATIN 2 GRIS ROJO DISNEY,46.0
1635,LYRA ROSADO FUCSIA DISNEY,48.0
1636,ALADINA ROSADO FUCSIA,56.0
1637,KALILA LILA FUCSIA LOS GOMOSOS,83.0
1638,KEPA AZUL ROJO LOS GOMOSOS,114.0
1639,KOLDO GRIS ROJO LOS GOMOSOS,129.0
1640,ARGYLL SAFETY HANDLES NEGRO,0.0
1641,AGAVE BEIGE CROYDON,80.0
1642,AIA VINOTINTO CROYDON,136.0
1643,ALTAIS ALTO VERDE CROYDON,25.0
1644,ARANTXA AZUL CROYDON,70.0
1645,ASEL NEGRO CROYDON,114.0
1646,CHOYA AZUL CROYDON,197.0
1647,JIM AZUL CROYDON,47.0
1648,KENAY AZUL CROYDON,830.0
1649,KEYRA BLANCO CROYDON,272.0
1650,LOTARI AZUL CROYDON,96.0
1651,MATRIS CAFE CROYDON,21.0
1652,MATRIS AZUL CROYDON,0.0
1653,SOTOL CAFE CROYDON,239.0
1654,PRINCESS 1 LILA FUCSIA DISNEY,1.0
1655,FEMINELA MELODI NEGRO CROYDON,0.0
1656,FEMINELA CORAZON NEGRO CROYDON,4.0
1657,FEMINELA GRAVITY MULTICOLOR,1.0
1658,FEMILENA FELINA MULTICOLOR,3.0
1659,FEMINELA LLUVIA NEGRO CROYDON,1.0
1660,FEMINELA LOTOS GRIS CROYDON,0.0
1661,FEMINELA ROSALEDA NEGRO,12.0
1662,FEMINELA CHEROKY MULTICOLOR,2.0
1663,FEMINELA JENNY MULTICOLOR,0.0
1664,FEMINELA HELEN BLANCO CROYDON,0.0
1665,FEMINELA GIPSO NEGRO CROYDON,6.0
1666,FEMINELA MARBEL ROJO CROYDON,1.0
1667,FEMINELA LUPE NEGRO CROYDON,2.0
1668,FEMINELA SILVER PLATA CROYDON,43.0
1669,MACHITA ESTAMPADA JR CARROS,1.0
1670,TIFFANY SURTIDA TIENDAS,37.0
1671,ACTAR CAFE CROYDON,42.0
1672,ANIR BLANCO CROYDON,31.0
1673,ARUP ROSADO CROYDON,71.0
1674,BARBRA BLANCO CROYDON,982.0
1675,BYRKIT AMARILLO CROYDON,10.0
1676,BYRKIT CORAL CROYDON,6.0
1677,BYRKIT AZUL CROYDON,13.0
1678,DRAKO CAFE CROYDON,245.0
1679,DRAKO NEGRO CROYDON,44.0
1680,FAUST ROJO CROYDON,182.0
1681,FAUST AZUL CROYDON,109.0
1682,FEDE NEGRO CROYDON,12.0
1683,GIANLUCA VERDE CROYDON,56.0
1684,HUFFY BLANCO CROYDON,55.0
1685,JELE ALTO CUADROS MULTICOLOR,7.0
1686,KEYRA NEGRO CROYDON,253.0
1687,KORAT GRIS CROYDON,16.0
1688,KORAT NEGRO CROYDON,30.0
1689,MARAT AZUL CROYDON,217.0
1690,MAROZ BAJO BLANCO CROYDON,203.0
1691,MESQUITE CAFE AZUL CROYDON,310.0
1692,PENCA GRIS CROYDON,31.0
1693,PERENES VERDE CROYDON,5.0
1694,PLASMA AZUL CROYDON,8.0
1695,SIRIO AZUL CROYDON,200.0
1696,SIRIO NEGRO CROYDON,15.0
1697,TREVOR GRIS CROYDON,105.0
1698,TREVOR CAFE CROYDON,189.0
1699,ULA ROSADO CROYDON,125.0
1700,FEMINELA SUMMER II NARANJA,1.0
1701,ARGYLL SAFETY RH MOLDEAD NEGRO,43.0
1702,ACTAR NEGRO CROYDON,6.0
1703,AGAVE GRIS CROYDON,92.0
1704,ALTAIS ALTO AZUL CROYDON,50.0
1705,ALTAIS BAJO GRIS CROYDON,30.0
1706,ALTAIS BAJO VERDE CROYDON,25.0
1707,ASEL AZUL CROYDON,101.0
1708,AVNI ROJO CROYDON,94.0
1709,AVNI NEGRO CROYDON,97.0
1710,CHOYA CAFE CROYDON,169.0
1711,CRUX NEGRO CROYDON,173.0
1712,DENEB BLANCO CROYDON,28.0
1713,DENEB NEGRO CROYDON,26.0
1714,DRU GRIS CROYDON,383.0
1715,EDRIC NEGRO CROYDON,222.0
1716,ENEBRO AMARILLO CROYDON,131.0
1717,JEFF GRIS CROYDON,71.0
1718,JELE BAJO CUADROS MULTICOLOR,66.0
1719,JELE BAJO ROMBOS MULTICOLOR,39.0
1720,KAZAN 2 AZUL CROYDON,209.0
1721,KENAY CAFE CROYDON,938.0
1722,LOTARI NEGRO CROYDON,50.0
1723,LUTXI FUCSIA CROYDON,59.0
1724,MAROZ BAJO BEIGE CROYDON,42.0
1725,MAT CAFE CROYDON,96.0
1726,NEBULA ROSADO CROYDON,87.0
1727,NEIMEYER ROSADO CROYDON,327.0
1728,NET AZUL REY CROYDON,2.0
1729,PLUMERIA AZUL NEGRO CROYDON,27.0
1730,SOTOL NEGRO CROYDON,6.0
1731,TREVOR NEGRO CROYDON,47.0
1732,VISION BLANCO CROYDON,39.0
1733,YOLE MORADO CROYDON,34.0
1734,FANG LILA ROSADO DISNEY,201.0
1735,FULU ROSADO FUCSIA DISNEY,38.0
1736,TRAPPIS AZUL GRIS DISNEY,77.0
1737,FEMINELA JARANA NEGRO CROYDON,134.0
1738,FEMINELA AROS NEGRO MULTICOLOR,38.0
1739,FEMINELA PINTA AZUL CROYDON,59.0
1740,FEMINELA MERIAN AZUL CROYDON,27.0
1741,TIFFANY ALBANY,30.0
1742,LEADER NEGRO CROYDON,9056.0
1743,AIA BEIGE CROYDON,77.0
1744,AIA GRIS CROYDON,17.0
1745,ALTAIS ALTO GRIS CROYDON,26.0
1746,ALTAIS ALTO NEGRO CROYDON,7.0
1747,ALTAIS BAJO NEGRO CROYDON,66.0
1748,APRA NEGRO CROYDON,34.0
1749,ARANTXA ROSADO CROYDON,53.0
1750,ARUP PLATA CROYDON,26.0
1751,CAMBELL BLANCO MULTICOLOR,15.0
1752,CAMBELL ROSADO MULTICOLOR,8.0
1753,CHAMPION LOVE ROSADO CROYDON,84.0
1754,CHAMPION LOVE VERDE CROYDON,7.0
1755,CRUX BLANCO CROYDON,210.0
1756,DISCOVERY BAJO NEW AZUL ROJO,73.0
1757,ENEBRO CAFE CROYDON,46.0
1758,GIANLUCA NEGRO CROYDON,154.0
1759,HUFFY BEIGE CROYDON,136.0
1760,JEFF ROSADO CROYDON,77.0
1761,JEFF AZUL CROYDON,47.0
1762,JEFF NEGRO CROYDON,39.0
1763,JIM GRIS CROYDON,50.0
1764,KAVYA GRIS CROYDON,56.0
1765,LEILA DORADO CROYDON,100.0
1766,LEILA MORADO CROYDON,41.0
1767,LORENZIA ROSADO MULTICOLOR,102.0
1768,LUTXI AZUL CROYDON,45.0
1769,MARAT NEGRO CROYDON,111.0
1770,MESQUITE CAFE CAFE CROYDON,350.0
1771,MESQUITE NEGRO GRIS CROYDON,325.0
1772,MILA BEIGE CROYDON,318.0
1773,MILA VINOTINTO CROYDON,369.0
1774,NEIMEYER GRIS CROYDON,29.0
1775,PERENES CAFE CROYDON,87.0
1776,PLASMA ROJO CROYDON,48.0
1777,SAANVI CORAL CROYDON,46.0
1778,SAANVI VERDE CROYDON,19.0
1779,TEED BEIGE CROYDON,39.0
1780,TEED ROSADO CROYDON,269.0
1781,UNUCK GRIS CROYDON,124.0
1782,UNUCK CAFE CROYDON,218.0
1783,VISION NEGRO CROYDON,43.0
1784,ALIOTH GRIS NARANJA DISNEY,9.0
1785,ALTARES AZUL NARANJA DISNEY,141.0
1786,ALYA FUCSIA LILA DISNEY,158.0
1787,BOTEIN ROJO NEGRO DISNEY,4.0
1788,CHARA AZUL LILA DISNEY,42.0
1789,DENEBE AZUL OSCURO AZUL DISNEY,413.0
1790,ENIF FUCSIA ROSADO DISNEY,68.0
1791,ADHIL GRIS ROJO DISNEY,220.0
1792,FEMINELA AMAPOLA AZUL CROYDON,7.0
1793,MACHA TEMPO NEGRO BLANCO,23.0
1794,TIFFANY OJIVAL NEGRO ROJO,662.0
1795,TIFFANY KAHLO NEGRO CROYDON,61.0
1796,INE VINOTINTO CROYDON,200.0
1797,CANAMO NEGRO CROYDON,232.0
1798,DRU AMARILLO CROYDON,256.0
1799,ELEKTRA NEGRO CROYDON,425.0
1800,GAD AZUL AZUL CROYDON,416.0
1801,NEBULA NEGRO CROYDON,67.0
1802,EWANS AZUL ROJO DISNEY,27.0
1803,LEADER AZUL CROYDON,6084.0
1804,LEADER NEGRO NEGRO CROYDON,14462.0
1805,ARIZONA CAFE CAFE CROYDON,1470.0
1806,DAYTONA NEGRO NEGRO CROYDON,2113.0
1807,KALAKA 2 CAFE CROYDON,844.0
1808,KALAKA 2 VERDE OLIVA CROYDON,1036.0
1809,VALCO CAFE CAFE CROYDON,249.0
1810,VALCO NEGRO NEGRO CROYDON,381.0
1811,YUNG CAFE CAFE CROYDON,526.0
1812,YUNG NEGRO NEGRO CROYDON,401.0
1813,SLASH BLANCO BLANCO CROYDON,33690.0
1814,AHAVA NEGRO CROYDON,339.0
1815,AKIM GRIS CROYDON,402.0
1816,APRA BLANCO CROYDON,9.0
1817,AUXIBO AZUL CROYDON,44.0
1818,CASUAL DEPORTIVO SURTIDO,21.0
1819,CHILLY ROJO CROYDON,267.0
1820,CLASH CAFE CROYDON,253.0
1821,CLODION GRIS CROYDON,167.0
1822,DENIS ROSADO CROYDON,8.0
1823,DISCOVERY BAJO HIGH ROSADO,86.0
1824,DISCOVERY BAJO HIGH AGUAMARINA,116.0
1825,DISCOVERY BAJO HIGH AZUL,18.0
1826,KAVYA ROSADO CROYDON,77.0
1827,KAZAN 2 NEGRO CROYDON,126.0
1828,MAT AMARILLO CROYDON,107.0
1829,NUBA VERDE CROYDON,1.0
1830,OLAFUR BEIGE CROYDON,292.0
1831,VERTIGO NEGRO CROYDON,818.0
1832,COVIC NEGRO CROYDON,0.0
1833,ALBALI ROSADO FUCSIA DISNEY,25.0
1834,ALGORAB ROSADO FUCSIA DISNEY,53.0
1835,ALZIRR LILA ROSADO DISNEY,39.0
1836,TRAPPIS ROJO NEGRO DISNEY,7.0
1837,URANO GRIS NARANJA DISNEY,11.0
1838,SUPER ARGYLL PFA MOLDEAD NEGRO,0.0
1839,LEADER CAFE CROYDON,791.0
1840,LEADER ROJO CROYDON,3286.0
1841,ARIZONA MORADO MORADO CROYDON,1119.0
1842,DAYTONA CAFE CAFE CROYDON,1796.0
1843,ARISIA BEIGE CROYDON,1016.0
1844,CASUAL MULTICOLOR CROYDON,146.0
1845,CORAK BEIGE CROYDON,317.0
1846,FRITS AZUL CROYDON,361.0
1847,FRITS NEGRO CROYDON,339.0
1848,GRANATE BEIGE CROYDON,416.0
1849,HABIB GRIS CROYDON,212.0
1850,MALTES CAFE CROYDON,49.0
1851,GEOX AZUL AZUL CROYDON,346.0
1852,AHAVA GRIS CROYDON,508.0
1853,AKIM AZUL CROYDON,669.0
1854,AKIM MULTICOLOR CROYDON,668.0
1855,BEDA AZUL CROYDON,302.0
1856,GAD CAFE CAFE CROYDON,788.0
1857,HERZOG NEGRO CROYDON,31.0
1858,INZA ROSADO CROYDON,441.0
1859,MANAURE CAFE CROYDON,331.0
1860,MISTICA ROSADO CROYDON,326.0
1861,MISTICA AZUL CROYDON,167.0
1862,OLEG NEGRO CROYDON,274.0
1863,VERTIGO AZUL CROYDON,818.0
1864,SONTRA 2018 SURTIDO CROYDON,30.0
1865,CHEETAH AMARILLO CROYDON,294.0
1866,CHEETAH MORADO CROYDON,230.0
1867,CLASH BEIGE CROYDON,635.0
1868,FURIA NEGRO CROYDON,27.0
1869,MINA BEIGE CROYDON,318.0
1870,MINA ROSADO CROYDON,572.0
1871,MOAB AZUL CROYDON,203.0
1872,MOAB VERDE CROYDON,264.0
1873,NONIA BEIGE CROYDON,308.0
1874,NONIA VERDE CROYDON,301.0
1875,OLAFUR GRIS CROYDON,200.0
1876,ZIRCON AZUL CROYDON,79.0
1877,ZIRCON VINOTINTO CROYDON,219.0
1878,BOTAS DISNEY ROJO DISNEY,2066.0
1879,CALANICA FUCSIA CROYDON,2261.0
1880,DONATILA FUCSIA CROYDON,1239.0
1881,DONATILA LILA CROYDON,2873.0
1882,IGOTZ GRIS CROYDON,3576.0
1883,RIYAD AZUL OSCURO CROYDON,1548.0
1884,RIYAD ROJO CROYDON,1112.0
1885,CRINUM ROJO CROYDON,435.0
1886,JARILLA AZUL CROYDON,26.0
1887,JARILLA VERDE CROYDON,191.0
1888,TIFFANY YEDA AGUAMARINA ROJO,718.0
1889,TULIPAN MARIPOSAS ROSADO,46.0
1890,SLASH NEGRO CROYDON,14115.0
1891,DISCOVERY SUPER HIGH FLOR,0.0
1892,FURIA GRIS CROYDON,188.0
1893,GRANATE VINOTINTO CROYDON,460.0
1894,HABIB AZUL CROYDON,36.0
1895,MALTES BLANCO CROYDON,262.0
1896,MALTES NEW CAFE CROYDON,657.0
1897,MALTES NEW AZUL CROYDON,650.0
1898,CALZADO EN SINTETICO BEIGE,18.0
1899,CALZADO EN SINTETICO AZUL,1245.0
1900,BOTAS DISNEY LILA DISNEY,607.0
1901,ZAPAT SAFETY THERM FILTREX SM,0.0
1902,ELIN ROSADO ROSADO CROYDON,21.0
1903,NOOR BEIGE CROYDON,636.0
1904,BJORN NEGRO CROYDON,965.0
1905,HEYMI BEIGE CROYDON,639.0
1906,HEYMI ROSADO CROYDON,1063.0
1907,HEYMI CLARO AZUL CLARO CROYDON,797.0
1908,MALTES COLEGIAL BLANCO CROYDON,1162.0
1909,MANTIS ROSADO CROYDON,288.0
1910,METALLO NEGRO CROYDON,44.0
1911,OKAPI NEGRO CROYDON,316.0
1912,RIGEL CAFE CROYDON,734.0
1913,RONAN AZUL CROYDON,0.0
1914,SUE CAFE CROYDON,592.0
1915,TIANA BEIGE CROYDON,321.0
1916,TIANA ROSADO CROYDON,198.0
1917,TIANA NEGRO CROYDON,103.0
1918,CALZADO EN SINTETICO ROJO,165.0
1919,BOTAS DISNEY ROSADO DISNEY,1867.0
1920,CALANICA LILA CROYDON,1401.0
1921,ALELI CORAL CROYDON,327.0
1922,ARISIA AZUL CROYDON,845.0
1923,ASLA 2 NEGRO CROYDON,357.0
1924,BARUJ AMARILLO CROYDON,436.0
1925,CARCO GRIS CROYDON,199.0
1926,CHILLY AZUL CROYDON,256.0
1927,CLODION AZUL CROYDON,126.0
1928,CRISOPA CAFE CROYDON,239.0
1929,ELEKTRA BLANCO CROYDON,260.0
1930,FINTAN ROJO ROJO CROYDON,281.0
1931,INZA GRIS CROYDON,365.0
1932,KALF NEGRO CROYDON,34.0
1933,MAGUEY NEGRO CROYDON,90.0
1934,MINA CORAL CROYDON,315.0
1935,NEFERET ROSADO CROYDON,22.0
1936,ROLDAN NEGRO CROYDON,370.0
1937,TERRAX NEW AZUL CROYDON,14.0
1938,WHELER JR AZUL CROYDON,835.0
1939,ZIRCONIO GRIS CROYDON,598.0
1940,ZIRCONIO AZUL CROYDON,461.0
1941,CALZADO EN SINTETICO GRIS,339.0
1942,BOTAS DISNEY FUCSIA DISNEY,5.0
1943,BOTAS DISNEY NEGRO DISNEY,951.0
1944,EILEEN AZUL CROYDON,119.0
1945,EILEEN NEGRO CROYDON,844.0
1946,AKEN 2 AZUL CROYDON,2025.0
1947,GALAAD 2 GRIS CROYDON,2499.0
1948,KATYA 2 ROSADO CROYDON,2763.0
1949,CRINUM ROSADO CROYDON,173.0
1950,JARILLA 2 VERDE CROYDON,1845.0
1951,NASSAU AZUL CROYDON,6160.0
1952,QORI S AZUL CROYDON,5464.0
1953,QORI S NEGRO CROYDON,3684.0
1954,ARELLA NEGRO CROYDON,759.0
1955,KRISHNA BLANCO CROYDON,206.0
1956,VISHNU BLANCO CROYDON,650.0
1957,AIDANO NEGRO CROYDON,490.0
1958,DENIS BLANCO CROYDON,194.0
1959,INKAICO BAJO 2 GRIS CROYDON,0.0
1960,INKAICO BAJO 2 BEIGE CROYDON,0.0
1961,INKAICO BAJO 2 ROJO CROYDON,0.0
1962,INKAICO BAJO 2 NEGRO CROYDON,0.0
1963,INKAICO BAJO GRIS CROYDON,0.0
1964,IURI NEGRO CROYDON,9.0
1965,LEIF GRIS CROYDON,474.0
1966,LEIF AZUL CROYDON,437.0
1967,LEIF NEGRO CROYDON,234.0
1968,MAGUEY GRIS CROYDON,43.0
1969,MANTIS CAFE CROYDON,214.0
1970,MANTIS NEGRO CROYDON,77.0
1971,METALLO GRIS CROYDON,37.0
1972,NEFERET AZUL CROYDON,182.0
1973,OKAPI BAJO AZUL CROYDON,1035.0
1974,OKAPI BAJO NEGRO CROYDON,961.0
1975,OKAPI AZUL CROYDON,505.0
1976,OLEG FUCSIA CROYDON,238.0
1977,OTOKAR AZUL CROYDON,394.0
1978,RIGEL BEIGE CROYDON,61.0
1979,RIGEL NEGRO CROYDON,384.0
1980,STIPE NEGRO CROYDON,169.0
1981,USMAN NEGRO CROYDON,316.0
1982,WEILI NEGRO CROYDON,15.0
1983,YETI ROSADO CROYDON,21.0
1984,CALZADO EN SINTETICO NEGRO,814.0
1985,CALZADO EN ALGODON AZUL,306.0
1986,ALADINA FUCSIA CROYDON,86.0
1987,FEMINELA BELLA NEGRO CROYDON,1.0
1988,FEMINELA XIMENA BLANCO CROYDON,13.0
1989,FEMINELA ASTRID MULTICOLOR,1.0
1990,ISBAAL AZUL CROYDON,634.0
1991,ISBAAL ROJO CROYDON,661.0
1992,NAGORE 2 AZUL OSCURO CROYDON,1291.0
1993,NAIA AZUL OSCURO CROYDON,1291.0
1994,QUERALT 2 FUCSIA CROYDON,1117.0
1995,PLANTILLA 950 BEIGE CROYDON,26255.0
1996,ARELLA BLANCO CROYDON,758.0
1997,CALZADO EN SINTETICO CAFE,363.0
1998,KRISHNA NEGRO CROYDON,65.0
1999,SHIVA GRIS CROYDON,462.0
2000,ALIEV GRIS CROYDON,390.0
2001,ALIEV NEGRO CROYDON,196.0
2002,BEDA BLANCO CROYDON,370.0
2003,BJORN GRIS CROYDON,741.0
2004,BLAY AZUL OSCURO CROYDON,348.0
2005,CARCO CAFE CROYDON,244.0
2006,CARCO AZUL CROYDON,376.0
2007,CRISOPA NEGRO CROYDON,226.0
2008,FINTAN GRIS GRIS CROYDON,189.0
2009,FINTAN AZUL AZUL CROYDON,191.0
2010,GECKO AZUL CROYDON,36.0
2011,HALLI MULTICOLOR CROYDON,534.0
2012,HOLLYE MULTICOLOR CROYDON,973.0
2013,JARL AZUL CROYDON,536.0
2014,JARL NEGRO CROYDON,516.0
2015,KHABIB GRIS CROYDON,319.0
2016,KHABIB NEGRO CROYDON,324.0
2017,PIA MULTICOLOR CROYDON,187.0
2018,RONAN GRIS CROYDON,179.0
2019,RONAN NEGRO CROYDON,397.0
2020,STIPE GRIS CROYDON,329.0
2021,SUE BLANCO CROYDON,500.0
2022,SUE NEGRO CROYDON,316.0
2023,TERRAX NEW CAFE CROYDON,132.0
2024,THORA MULTICOLOR CROYDON,520.0
2025,WHELER JR CAFE CROYDON,704.0
2026,WHELER JR NEGRO,497.0
2027,APOLONIO COLORS VERDE CROYDON,1.0
2028,BOTA PVC ROJO DISNEY,2648.0
2029,BOTA PVC NEGRO DISNEY,422.0
2030,BRESCIA AZUL CROYDON,108.0
2031,ZEY NEGRO CROYDON,80.0
2032,POOLE NEGRO CROYDON,2115.0
2033,FRANCOIS NEGRO CROYDON,755.0
2034,KINGPING AZUL CROYDON,352.0
2035,KRUEGER NEGRO CROYDON,390.0
2036,LORENZO NEGRO CROYDON,748.0
2037,NEWBY ROJO CROYDON,335.0
2038,RATCHED PLANO NEGRO CROYDON,810.0
2039,SHIVA AZUL CROYDON,195.0
2040,CALZADO EN POLIESTER,0.0
2041,ASLA 2 BLANCO CROYDON,438.0
2042,BROCK AZUL CROYDON,265.0
2043,BROCK NEGRO,423.0
2044,CAMBELL NEGRO CROYDON,986.0
2045,GORKA BLANCO CROYDON,390.0
2046,HISTERIDO AZUL CROYDON,169.0
2047,HISTERIDO NEGRO CROYDON,177.0
2048,KAI GRIS CROYDON,577.0
2049,LORENZIA NEGRO CROYDON,558.0
2050,MEEN AZUL CROYDON,364.0
2051,MIKI NEGRO CROYDON,749.0
2052,PASTEL CAKE BLANCO CROYDON,159.0
2053,PASTEL CAKE GRIS CROYDON,419.0
2054,PASTEL CAKE NEGRO CROYDON,143.0
2055,ROLDAN BLANCO CROYDON,367.0
2056,TIANA AZUL CROYDON,280.0
2057,TIANA VINOTINTO CROYDON,113.0
2058,TIANA PALO DE ROSA CROYDON,188.0
2059,TRAVIS BLANCO CROYDON,50.0
2060,USMAN AZUL CROYDON,235.0
2061,USMAN CAFE CROYDON,50.0
2062,ZIRCON NEGRO CROYDON,54.0
2063,CALZADO EN ALGODON NEGRO,186.0
2064,CALZADO EN ALGODON GRIS,137.0
2065,BOTA PVC FUCSIA DISNEY,995.0
2066,BOTA PVC ROSADO DISNEY,419.0
2067,LECCE VINOTINTO CROYDON,95.0
2068,POOLE VINOTINTO CROYDON,92.0
2069,ALBITA AZUL CROYDON,533.0
2070,ALBITA CAFE CROYDON,448.0
2071,CHANA CAFE CROYDON,789.0
2072,CHANA GRIS CROYDON,583.0
2073,CHANA NEGRO CROYDON,1175.0
2074,CLEMENTE CAFE CROYDON,1365.0
2075,CLEMENTE GRIS CROYDON,1144.0
2076,ERICK AZUL CROYDON,653.0
2077,ERICK CAFE CROYDON,318.0
2078,ERICK NEGRO CROYDON,562.0
2079,FRANCOIS CAFE CROYDON,206.0
2080,FRANCOIS AZUL CROYDON,434.0
2081,KINGPING CAFE CROYDON,308.0
2082,LORENZO CAFE CROYDON,659.0
2083,METRO GRIS CROYDON,842.0
2084,METRO MIEL CROYDON,979.0
2085,RATCHED PLANO CAFE CROYDON,782.0
2086,RUSSELL CAFE CROYDON,420.0
2087,RUSSELL GRIS CROYDON,421.0
2088,AIDANO VERDE CROYDON,374.0
2089,ANGO CAFE CROYDON,380.0
2090,BARUJ NEGRO CROYDON,580.0
2091,CHENCO AZUL CROYDON,263.0
2092,CHENCO NEGRO CROYDON,468.0
2093,COTETE AZUL OSCURO CROYDON,246.0
2094,MADARA CAFE CROYDON,391.0
2095,MADARA AZUL CROYDON,373.0
2096,SEAN LILA CROYDON,385.0
2097,SLIP-ON RETAZOS FUCSIA,1.0
2098,YAGAMI VERDE CROYDON,337.0
2099,YAGAMI NEGRO CROYDON,314.0
2100,PITOU AZUL CROYDON,17.0
2101,PITOU NEGRO CROYDON,10.0
2102,SHAE NEGRO CROYDON,68.0
2103,ANDRO CAFE CROYDON,20.0
2104,BERILO MORADO CROYDON,18.0
2105,GLENN NEGRO CROYDON,493.0
2106,KRUEGER CAFE CROYDON,286.0
2107,NEWBY AZUL CROYDON,327.0
2108,OWENS BEIGE CROYDON,5.0
2109,CALZADO EN POLIESTER NEGRO,0.0
2110,YANDEL CAFE CROYDON,859.0
2111,YANDEL NEGRO CROYDON,1048.0
2112,BLAY JR NEGRO CROYDON,357.0
2113,BLOOPER ROSADO CROYDON,281.0
2114,HIGU ROSADO CROYDON,793.0
2115,HOLO GRIS,15.0
2116,JEOR AZUL,299.0
2117,KAMEK NEGRO CROYDON,115.0
2118,SCHOOL CAKE BLANCO CROYDON,445.0
2119,SCHOOL CAKE GRIS CROYDON,19.0
2120,SCHOOL CAKE NEGRO CROYDON,265.0
2121,TORVI AMARILLO CROYDON,342.0
2122,TORVI ROSADO CROYDON,324.0
2123,UMAY BEIGE CROYDON,257.0
2124,ZORO GRIS,376.0
2125,TITAL SIN MEDIA,85.0
2126,GLENN CAFE CROYDON,527.0
2127,ARIEL AZUL CROYDON,1.0
2128,BASICO-D AZUL CLARO CROYDON,1.0
2129,BIBI FUCSIA CROYDON,5.0
2130,KUDARY AZUL CROYDON,1.0
2131,KUDARY FUCSIA CROYDON,1.0
2132,CANAMO AZUL OSCURO CROYDON,1.0
2133,DISCOVERY ALTO ALTERNATIVO,2.0
2134,D. ROSADO ,1.0
2135,D. HEAVY NEGRO ,1.0
2136,D. SLIP SELLOS AZUL ,1.0
2137,STRAPS AZUL CROYDON,2.0
2138,MERCKS VINOTINTO CROYDON,1.0
2139,HADAS SISTER FUCSIA DISNEY,1.0
2140,HADAS SISTER MORADO DISNEY,1.0
2141,CAMERO AZUL CROYDON,1.0
2142,GALAXI AZUL CLARO CROYDON,1.0
2143,ROYAL ALTO ACE AZUL CROYDON,4.0
2144,BOTA ARMADA AZUL CROYDON,3.0
2145,DEPORTIVO BAJO PIZANTEX NEGRO,1.0
2146,BOTA LUBIN NEGRO DISNEY,1.0
2147,FEMINELA COMICS ROJO CROYDON,1.0
2148,SANGO AZUL CROYDON,223.0
2149,ADIEL CAFE,278.0
2150,BLOOPER AZUL AZUL,349.0
2151,COTETE LILA CROYDON,309.0
2152,JIANNA AZUL,21.0
2153,KAMEK BLANCO CROYDON,18.0
2154,YAMID AZUL,368.0
2155,AILA NEGRO,1100.0
2156,ARSEN NEGRO,35.0
2157,DION ROJO,251.0
2158,GILES NEGRO,24.0
2159,MAUD NEGRO,38.0
2160,TIFFANY AMARAR AZUL MULTICOLOR,493.0
2161,AQUINA GRIS,94.0
2162,ARMIN NEGRO,17.0
2163,ADIEL GRIS,280.0
2164,ADIEL NEGRO,166.0
2165,BUMA MULTICOLOR,128.0
2166,EKREN AZUL,17.0
2167,HOLO VERDE,22.0
2168,JEOR GRIS,427.0
2169,LEV CAFE,427.0
2170,LITSA MULTICOLOR,200.0
2171,MIHAIL AZUL,423.0
2172,RAZIEL NEGRO,1298.0
2173,SHATE MULTICOLOR,90.0
2174,SINCLAIR CAFE,17.0
2175,YAMID BLANCO,326.0
2176,ZAKAI CAFE,460.0
2177,ZORO CAFE,387.0
2178,CARS ZAYD ROJO-NEGRO,866.0
2179,LION GUARD YAZID NEGRO-ROJO,366.0
2180,SOFIA HANNIA FICSIA-ROSADO,1255.0
2181,MACHITA EST JR SURTIDA,674.0
2182,AQUINA NEGRO,153.0
2183,IXAN NEGRO,91.0
2184,BERIT BEIGE                   ,125.0
2185,BERIT AZUL                    ,310.0
2186,CROYDON NEW BAJO RH NEGRO     ,2060.0
2187,D. STREET 3 BJ-BCO/FUC,1.0
2188,GAEA BEIGE,205.0
2189,GAEA AZUL,379.0
2190,JENNEL BEIGE,160.0
2191,JENNEL AZUL,390.0
2192,UMAY GRIS,147.0
2193,UMAY ROSADO,240.0
2194,ARIEL NAIMA AGUAMARINA-ROJO,437.0
2195,FROZEN SULEIMA AZUL-LILA,501.0
2196,FROZEN YASHIRA AZUL-AZUL CLARO,799.0
2197,FROZEN YUREM AZUL-LILA,492.0
2198,MICKEY ARAFAT ROJO-NEGRO,652.0
2199,MICKEY OSAMA ROJO-NEGRO,703.0
2200,MINNIE VITALIA FUCSIA-ROSADO,554.0
2201,MINNIE ZORAIDA ROSADO-FUCSIA,699.0
2202,SOFIA RAYZA ROSADO-FUCSIA,500.0
2203,TOY VADHIR AZUL-ROJO,553.0
2204,CALANICA ROSADO-FUCSIA,1.0
2205,EGIL BLANCO,986.0
2206,EGIL NEGRO,749.0
2207,CHEW GRIS,881.0
2208,GISLI LILA,839.0
2209,GISLI VERDE,791.0
2210,ARELLA NEW 2 NEGRO,13.0
2211,ARELLA NEW NEGRO,3.0
2212,FLIP AZUL,398.0
2213,FLIP NEGRO,511.0
2214,GEERT NEGRO,16.0
2215,GREYEL GRIS,20.0
2216,LEV AZUL,488.0
2217,MARX NEGRO,20.0
2218,MIHAIL NEGRO,403.0
2219,RAZIEL GRIS,298.0
2220,RAZIEL AZUL,1082.0
2221,SEEMA BEIGE CROYDON,25.0
2222,SINCLAIR AZUL,517.0
2223,ZAKAI AZUL,488.0
2224,ZAKAI NEGRO,597.0
2225,GREDEL GRIS CROYDON,51.0
2226,CARS MAJID GRIS-ROJO,784.0
2227,TOY ARIF GRIS-NARANJA,706.0
2228,AYLAN FUCSIA MORADO,1225.0
2229,CHAULI ROJO AZUL OSCURO,1649.0
2230,DRIN FUCSIA AGUAMARINA,1311.0
2231,DRIN LILA ROSADO,1238.0
2232,GUITI AGUAMARINA FUCSIA,1160.0
2233,NEXX AZUL OSCURO ROJO,1333.0
2234,NIC ROJO AZUL OSCURO,1457.0
2235,SUNF AZUL OSCURO ROJO,1086.0
2236,CYRTIS AZUL,906.0
2237,GIBRE NEGRO,986.0
2238,LAURINA NEGRO,702.0
2239,IXAN MIEL,36.0
2240,JAN AZUL,58.0
2241,JAN CAFE,54.0
